gbifID	datasetKey	occurrenceID	kingdom	phylum	class	order	family	genus	species	infraspecificEpithet	taxonRank	scientificName	verbatimScientificName	verbatimScientificNameAuthorship	countryCode	locality	stateProvince	occurrenceStatus	individualCount	publishingOrgKey	decimalLatitude	decimalLongitude	coordinateUncertaintyInMeters	coordinatePrecision	elevation	elevationAccuracy	depth	depthAccuracy	eventDate	day	month	year	taxonKey	speciesKey	basisOfRecord	institutionCode	collectionCode	catalogNumber	recordNumber	identifiedBy	dateIdentified	license	rightsHolder	recordedBy	typeStatus	establishmentMeans	lastInterpreted	mediaType	issue
6181601810	9a0b66df-7535-4f28-9f4e-5bc11b8b096c	Natuurpunt:Waarnemingen:388844367	Animalia	Arthropoda	Malacostraca	Isopoda	Platyarthridae	Trichorhina	Trichorhina tomentosa		SPECIES	Trichorhina tomentosa (Budde-Lund, 1893)	Trichorhina tomentosa	(Budde-Lund, 1893)	BE		East Flanders	PRESENT	1	4d3ceea8-5699-439d-a899-decac9cbbdac	51.0349	3.7233	7.0						2026-03-18	18	3	2026	2204981	2204981	HUMAN_OBSERVATION	Natuurpunt	waarnemingen.be					CC_BY_NC_4_0	Natuurpunt Studie				2026-04-08T12:16:39.820Z		OCCURRENCE_STATUS_INFERRED_FROM_INDIVIDUAL_COUNT;TAXON_ID_NOT_FOUND
6063817888	8a37280c-9310-4ce9-835c-5a14d35b84aa	87d3dd14-c448-4a89-9b46-6be963f7f9ed	Animalia	Arthropoda	Malacostraca	Isopoda	Platyarthridae	Trichorhina	Trichorhina tomentosa		SPECIES	Trichorhina tomentosa (Budde-Lund, 1893)	Trichorhina tomentosa	(Budde-Lund, 1893)	GB	Glasgow	Scotland	PRESENT		0c392aa0-a452-4254-be5c-e49dd60e9b02	55.859225	-4.158442	7071.1										2204981	2204981	HUMAN_OBSERVATION		230					CC_BY_NC_4_0	Biological Records Centre	Rundle, A.J.			2026-04-09T09:02:58.489Z		CONTINENT_DERIVED_FROM_COORDINATES;RECORDED_DATE_MISMATCH;TAXON_CONCEPT_ID_NOT_FOUND;TAXON_ID_NOT_FOUND
6063711977	8a37280c-9310-4ce9-835c-5a14d35b84aa	4e891b08-f8b4-48fc-8e9a-df4925c518bc	Animalia	Arthropoda	Malacostraca	Isopoda	Platyarthridae	Trichorhina	Trichorhina tomentosa		SPECIES	Trichorhina tomentosa (Budde-Lund, 1893)	Trichorhina tomentosa	(Budde-Lund, 1893)	GB	Glasgow	Scotland	PRESENT		0c392aa0-a452-4254-be5c-e49dd60e9b02	55.856321	-4.318068	7071.1										2204981	2204981	PRESERVED_SPECIMEN		230					CC_BY_NC_4_0	Biological Records Centre	Rundle, A.J.			2026-04-09T09:02:33.039Z		CONTINENT_DERIVED_FROM_COORDINATES;RECORDED_DATE_MISMATCH;INSTITUTION_MATCH_NONE;TAXON_CONCEPT_ID_NOT_FOUND;TAXON_ID_NOT_FOUND
5936573187	38b4c89f-584c-41bb-bd8f-cd1def33e92f	urn:lsid:artportalen.se:sighting:130331401	Animalia	Arthropoda	Malacostraca	Isopoda	Platyarthridae	Trichorhina	Trichorhina tomentosa		SPECIES	Trichorhina tomentosa (Budde-Lund, 1893)	Trichorhina tomentosa	(Budde-Lund, 1893)	SE	Universeum, Vg	Västergötland	PRESENT	7	b8323864-602a-4a7d-9127-bb903054e97d	57.69551	11.98929	50.0						2025-12-28	28	12	2025	2204981	2204981	HUMAN_OBSERVATION	SLU Artdatabanken	Artportalen	130331401				CC0_1_0	Freddy Persson	Freddy Persson, Dennis Nyström			2026-04-11T17:14:21.269Z		
5935958546	50c9509d-22c7-4a22-a47d-8c48425ef4a7	https://www.inaturalist.org/observations/331859314	Animalia	Arthropoda	Malacostraca	Isopoda	Platyarthridae	Trichorhina	Trichorhina tomentosa		SPECIES	Trichorhina tomentosa (Budde-Lund, 1893)	Trichorhina tomentosa		DK		Hovedstaden	PRESENT		28eb1a3f-1c15-4a95-931a-4af90ecb574d	55.638419	12.656337	15.0						2025-12-21T19:03	21	12	2025	2204981	2204981	HUMAN_OBSERVATION	iNaturalist	Observations	331859314		Linda Kjær-Thomsen	2025-12-23T23:51:48	CC_BY_NC_4_0	Linda Kjær-Thomsen	Linda Kjær-Thomsen			2026-04-11T09:54:38.742Z	StillImage	COORDINATE_ROUNDED;CONTINENT_DERIVED_FROM_COORDINATES;TAXON_ID_NOT_FOUND
5920256992	50c9509d-22c7-4a22-a47d-8c48425ef4a7	https://www.inaturalist.org/observations/189694587	Animalia	Arthropoda	Malacostraca	Isopoda	Platyarthridae	Trichorhina	Trichorhina tomentosa		SPECIES	Trichorhina tomentosa (Budde-Lund, 1893)	Trichorhina tomentosa		BR		Rio Grande do Sul	PRESENT		28eb1a3f-1c15-4a95-931a-4af90ecb574d	-30.064822	-51.157837	219.0						2023-11-01T13:47:45	1	11	2023	2204981	2204981	HUMAN_OBSERVATION	iNaturalist	Observations	189694587		Bruno Grassi	2023-11-01T19:54:50	CC_BY_NC_4_0	Bruno Grassi	Bruno Grassi			2026-04-11T09:04:43.959Z	StillImage	COORDINATE_ROUNDED;CONTINENT_DERIVED_FROM_COORDINATES;TAXON_ID_NOT_FOUND
5896529823	38b4c89f-584c-41bb-bd8f-cd1def33e92f	urn:lsid:artportalen.se:sighting:129583828	Animalia	Arthropoda	Malacostraca	Isopoda	Platyarthridae	Trichorhina	Trichorhina tomentosa		SPECIES	Trichorhina tomentosa (Budde-Lund, 1893)	Trichorhina tomentosa	(Budde-Lund, 1893)	SE	Svalevägen 9, Laröd, Sk	Skåne	PRESENT	2	b8323864-602a-4a7d-9127-bb903054e97d	56.09383	12.65128	10.0						2025-11-07T14:37	7	11	2025	2204981	2204981	HUMAN_OBSERVATION	SLU Artdatabanken	Artportalen	129583828				CC0_1_0	Joakim Setterlund	Joakim Setterlund, Stefan Phalagorn Bergström, Suvi Bergström			2026-04-11T17:21:14.074Z		
5896038924	46d4faf7-72af-4ce3-88af-5599998de77e	234F6CAF-CBC5-4450-9651-92F04D94E0CB	Animalia	Arthropoda	Malacostraca	Isopoda	Platyarthridae	Trichorhina	Trichorhina tomentosa		SPECIES	Trichorhina tomentosa (Budde-Lund, 1893)	Trichorhina tomentosa (Budde-Lund, 1893)		PA	Panama, Bocas del Toro, Road to Drogo Beach		PRESENT	1	493fe050-055d-11d8-b84f-b8a03c50a862	9.41588	-82.3294	25.0		1.0	0.0			2024-08-10	10	8	2024	2204981	2204981	PRESERVED_SPECIMEN	LACM	MBC	LACM:DISCO:39466		T. Hughes		CC_BY_4_0		N.D. Pentcheff;T. Hughes;A.-C. Barta;S. McKim;W. Farris			2025-11-20T01:36:35.006Z		
5896038125	46d4faf7-72af-4ce3-88af-5599998de77e	6BC75207-3CB6-4EC0-B8DD-86C43A7DA4EF	Animalia	Arthropoda	Malacostraca	Isopoda	Platyarthridae	Trichorhina	Trichorhina tomentosa		SPECIES	Trichorhina tomentosa (Budde-Lund, 1893)	Trichorhina tomentosa (Budde-Lund, 1893)		PA	Panama, Bocas del Toro, Road to Drogo Beach		PRESENT	2	493fe050-055d-11d8-b84f-b8a03c50a862	9.41588	-82.3294	25.0		1.0	0.0			2024-08-10	10	8	2024	2204981	2204981	PRESERVED_SPECIMEN	LACM	MBC	LACM:DISCO:39011		T. Hughes		CC_BY_4_0		N.D. Pentcheff;T. Hughes;A.-C. Barta;S. McKim;W. Farris			2025-11-20T01:36:34.450Z		
5864354035	040c5662-da76-4782-a48e-cdea1892d14c	CRWE293-24	Animalia	Arthropoda	Malacostraca	Isopoda	Platyarthridae	Trichorhina	Trichorhina tomentosa		UNRANKED	BOLD:ADG1585	BOLD:ADG1585		CR	PL12-4	Guanacaste Province	PRESENT		b3bf3a83-1f68-4541-a03f-330d30d567f5	10.763	-85.334			825.0	0.0			2015-07-30	30	7	2015	10433354	2204981	MATERIAL_SAMPLE	Centre for Biodiversity Genomics		CBG-A31699-A08		BOLD Machine Learning Tool Kit		CC_BY_4_0		D.Janzen, W.Hallwachs			2026-04-09T02:11:37.782Z		GEODETIC_DATUM_ASSUMED_WGS84;COUNTRY_DERIVED_FROM_COORDINATES;CONTINENT_DERIVED_FROM_COORDINATES;COLLECTION_MATCH_NONE;INSTITUTION_MATCH_FUZZY;TAXON_CONCEPT_ID_NOT_FOUND;TAXON_ID_NOT_FOUND
5863279840	040c5662-da76-4782-a48e-cdea1892d14c	CRWE525-24	Animalia	Arthropoda	Malacostraca	Isopoda	Platyarthridae	Trichorhina	Trichorhina tomentosa		UNRANKED	BOLD:ADG1585	BOLD:ADG1585		CR	PL12-6	Guanacaste Province	PRESENT		b3bf3a83-1f68-4541-a03f-330d30d567f5	10.764	-85.333			853.0	0.0			2017-12-28	28	12	2017	10433354	2204981	MATERIAL_SAMPLE	Centre for Biodiversity Genomics		CBG-A31701-E02		BOLD Machine Learning Tool Kit		CC_BY_4_0		D.Janzen, W.Hallwachs			2026-04-09T02:09:52.877Z		GEODETIC_DATUM_ASSUMED_WGS84;COUNTRY_DERIVED_FROM_COORDINATES;CONTINENT_DERIVED_FROM_COORDINATES;COLLECTION_MATCH_NONE;INSTITUTION_MATCH_FUZZY;TAXON_CONCEPT_ID_NOT_FOUND;TAXON_ID_NOT_FOUND
5861909944	040c5662-da76-4782-a48e-cdea1892d14c	CRWE451-24	Animalia	Arthropoda	Malacostraca	Isopoda	Platyarthridae	Trichorhina	Trichorhina tomentosa		UNRANKED	BOLD:ADG1585	BOLD:ADG1585		CR	PL12-5	Guanacaste Province	PRESENT		b3bf3a83-1f68-4541-a03f-330d30d567f5	10.763	-85.334			831.0	0.0			2017-12-28	28	12	2017	10433354	2204981	MATERIAL_SAMPLE	Centre for Biodiversity Genomics		CBG-A31700-F11		BOLD Machine Learning Tool Kit		CC_BY_4_0		D.Janzen, W.Hallwachs			2026-04-09T02:11:34.772Z		GEODETIC_DATUM_ASSUMED_WGS84;COUNTRY_DERIVED_FROM_COORDINATES;CONTINENT_DERIVED_FROM_COORDINATES;COLLECTION_MATCH_NONE;INSTITUTION_MATCH_FUZZY;TAXON_ID_NOT_FOUND;TAXON_CONCEPT_ID_NOT_FOUND
5861056007	040c5662-da76-4782-a48e-cdea1892d14c	CRWE622-24	Animalia	Arthropoda	Malacostraca	Isopoda	Platyarthridae	Trichorhina	Trichorhina tomentosa		UNRANKED	BOLD:ADG1585	BOLD:ADG1585		CR	PL12-7	Guanacaste Province	PRESENT		b3bf3a83-1f68-4541-a03f-330d30d567f5	10.761	-85.335			791.0	0.0			2017-12-28	28	12	2017	10433354	2204981	MATERIAL_SAMPLE	Centre for Biodiversity Genomics		CBG-A31702-E04		BOLD Machine Learning Tool Kit		CC_BY_4_0		D.Janzen, W.Hallwachs			2026-04-09T02:10:47.885Z		GEODETIC_DATUM_ASSUMED_WGS84;COUNTRY_DERIVED_FROM_COORDINATES;CONTINENT_DERIVED_FROM_COORDINATES;COLLECTION_MATCH_NONE;INSTITUTION_MATCH_FUZZY;TAXON_CONCEPT_ID_NOT_FOUND;TAXON_ID_NOT_FOUND
5860909224	040c5662-da76-4782-a48e-cdea1892d14c	CRWE453-24	Animalia	Arthropoda	Malacostraca	Isopoda	Platyarthridae	Trichorhina	Trichorhina tomentosa		UNRANKED	BOLD:ADG1585	BOLD:ADG1585		CR	PL12-5	Guanacaste Province	PRESENT		b3bf3a83-1f68-4541-a03f-330d30d567f5	10.763	-85.334			831.0	0.0			2017-12-28	28	12	2017	10433354	2204981	MATERIAL_SAMPLE	Centre for Biodiversity Genomics		CBG-A31700-G01		BOLD Machine Learning Tool Kit		CC_BY_4_0		D.Janzen, W.Hallwachs			2026-04-09T02:11:37.538Z		GEODETIC_DATUM_ASSUMED_WGS84;COUNTRY_DERIVED_FROM_COORDINATES;CONTINENT_DERIVED_FROM_COORDINATES;COLLECTION_MATCH_NONE;INSTITUTION_MATCH_FUZZY;TAXON_ID_NOT_FOUND;TAXON_CONCEPT_ID_NOT_FOUND
5086025993	9a0b66df-7535-4f28-9f4e-5bc11b8b096c	Natuurpunt:Waarnemingen:341860202	Animalia	Arthropoda	Malacostraca	Isopoda	Platyarthridae	Trichorhina	Trichorhina tomentosa		SPECIES	Trichorhina tomentosa (Budde-Lund, 1893)	Trichorhina tomentosa	(Budde-Lund, 1893)	BE		Antwerp	PRESENT	1	4d3ceea8-5699-439d-a899-decac9cbbdac	51.00188	4.51314	1.0						2025-03-22	22	3	2025	2204981	2204981	HUMAN_OBSERVATION	Natuurpunt	waarnemingen.be					CC_BY_NC_4_0	Natuurpunt Studie				2026-04-08T12:16:51.542Z		OCCURRENCE_STATUS_INFERRED_FROM_INDIVIDUAL_COUNT;TAXON_ID_NOT_FOUND
5028980867	38b4c89f-584c-41bb-bd8f-cd1def33e92f	urn:lsid:artportalen.se:sighting:122019610	Animalia	Arthropoda	Malacostraca	Isopoda	Platyarthridae	Trichorhina	Trichorhina tomentosa		SPECIES	Trichorhina tomentosa (Budde-Lund, 1893)	Trichorhina tomentosa	(Budde-Lund, 1893)	SE	Universeum, Vg	Västergötland	PRESENT	30	b8323864-602a-4a7d-9127-bb903054e97d	57.69549	11.98932	71.0						2025-01-06	6	1	2025	2204981	2204981	HUMAN_OBSERVATION	SLU Artdatabanken	Artportalen	122019610				CC0_1_0	Stefan Phalagorn Bergström	Stefan Phalagorn Bergström, Suvi Bergström, Freddy Persson, Maria Ahlefelt			2026-04-11T17:13:53.853Z		
4997741962	38b4c89f-584c-41bb-bd8f-cd1def33e92f	urn:lsid:artportalen.se:sighting:121602875	Animalia	Arthropoda	Malacostraca	Isopoda	Platyarthridae	Trichorhina	Trichorhina tomentosa		SPECIES	Trichorhina tomentosa (Budde-Lund, 1893)	Trichorhina tomentosa	(Budde-Lund, 1893)	SE	Palmhuset Göteborg, Vg	Västergötland	PRESENT	3	b8323864-602a-4a7d-9127-bb903054e97d	57.70563	11.97593	50.0						2024-12-14	14	12	2024	2204981	2204981	HUMAN_OBSERVATION	SLU Artdatabanken	Artportalen	121602875				CC0_1_0	Freddy Persson	Freddy Persson			2026-04-11T17:20:45.910Z		
4994542281	50c9509d-22c7-4a22-a47d-8c48425ef4a7	https://www.inaturalist.org/observations/243178809	Animalia	Arthropoda	Malacostraca	Isopoda	Platyarthridae	Trichorhina	Trichorhina tomentosa		SPECIES	Trichorhina tomentosa (Budde-Lund, 1893)	Trichorhina tomentosa		US		Florida	PRESENT		28eb1a3f-1c15-4a95-931a-4af90ecb574d	25.785589	-80.224568							2024-09-21T07:37	21	9	2024	2204981	2204981	HUMAN_OBSERVATION	iNaturalist	Observations	243178809		Grant Wang	2024-09-21T22:12:27	CC_BY_NC_4_0	Lucas Garriga	Lucas Garriga			2026-04-11T09:27:01.082Z	StillImage	COORDINATE_ROUNDED;CONTINENT_DERIVED_FROM_COORDINATES;TAXON_ID_NOT_FOUND
4994512483	50c9509d-22c7-4a22-a47d-8c48425ef4a7	https://www.inaturalist.org/observations/243178821	Animalia	Arthropoda	Malacostraca	Isopoda	Platyarthridae	Trichorhina	Trichorhina tomentosa		SPECIES	Trichorhina tomentosa (Budde-Lund, 1893)	Trichorhina tomentosa		US		Florida	PRESENT		28eb1a3f-1c15-4a95-931a-4af90ecb574d	25.785429	-80.224625	138.0						2024-09-21T07:41	21	9	2024	2204981	2204981	HUMAN_OBSERVATION	iNaturalist	Observations	243178821		Grant Wang	2024-09-21T22:12:38	CC_BY_NC_4_0	Lucas Garriga	Lucas Garriga			2026-04-11T09:26:56.862Z	StillImage	COORDINATE_ROUNDED;CONTINENT_DERIVED_FROM_COORDINATES;TAXON_ID_NOT_FOUND
4994002013	50c9509d-22c7-4a22-a47d-8c48425ef4a7	https://www.inaturalist.org/observations/243178855	Animalia	Arthropoda	Malacostraca	Isopoda	Platyarthridae	Trichorhina	Trichorhina tomentosa		SPECIES	Trichorhina tomentosa (Budde-Lund, 1893)	Trichorhina tomentosa		US		Florida	PRESENT		28eb1a3f-1c15-4a95-931a-4af90ecb574d	25.785429	-80.224625	138.0						2024-09-21T07:59	21	9	2024	2204981	2204981	HUMAN_OBSERVATION	iNaturalist	Observations	243178855		Grant Wang	2024-09-21T22:10:07	CC_BY_NC_4_0	Lucas Garriga	Lucas Garriga			2026-04-11T10:55:18.604Z	StillImage	COORDINATE_ROUNDED;CONTINENT_DERIVED_FROM_COORDINATES;TAXON_ID_NOT_FOUND
4993762498	50c9509d-22c7-4a22-a47d-8c48425ef4a7	https://www.inaturalist.org/observations/254737431	Animalia	Arthropoda	Malacostraca	Isopoda	Platyarthridae	Trichorhina	Trichorhina tomentosa		SPECIES	Trichorhina tomentosa (Budde-Lund, 1893)	Trichorhina tomentosa		US		Florida	PRESENT		28eb1a3f-1c15-4a95-931a-4af90ecb574d	26.142386	-80.244769	15.0						2024-12-10T13:18	10	12	2024	2204981	2204981	HUMAN_OBSERVATION	iNaturalist	Observations	254737431		Grant Wang	2024-12-10T20:21:36	CC_BY_NC_4_0	Ted Weber	Ted Weber			2026-04-11T07:23:09.208Z	StillImage	COORDINATE_ROUNDED;CONTINENT_DERIVED_FROM_COORDINATES;TAXON_ID_NOT_FOUND
4989161319	629befd5-fb45-4365-95c4-d07e72479b37	Natagora:Observations:332873462	Animalia	Arthropoda	Malacostraca	Isopoda	Platyarthridae	Trichorhina	Trichorhina tomentosa		SPECIES	Trichorhina tomentosa (Budde-Lund, 1893)	Trichorhina tomentosa	(Budde-Lund, 1893)	BE		Liège	PRESENT	101	147d711e-8a02-4b67-b4ce-918abd7dbb76	50.63505	5.56229	4.0						2024-10-31	31	10	2024	2204981	2204981	HUMAN_OBSERVATION	Natagora						CC0_1_0	Natagora				2026-03-08T00:44:36.618Z		OCCURRENCE_STATUS_INFERRED_FROM_INDIVIDUAL_COUNT;TAXON_ID_NOT_FOUND
4974280411	50c9509d-22c7-4a22-a47d-8c48425ef4a7	https://www.inaturalist.org/observations/247273841	Animalia	Arthropoda	Malacostraca	Isopoda	Platyarthridae	Trichorhina	Trichorhina tomentosa		SPECIES	Trichorhina tomentosa (Budde-Lund, 1893)	Trichorhina tomentosa		DE		Berlin	PRESENT		28eb1a3f-1c15-4a95-931a-4af90ecb574d	52.510233	13.336585	49.0						2024-09-21T13:06	21	9	2024	2204981	2204981	HUMAN_OBSERVATION	iNaturalist	Observations	247273841		Alexis Tinker-Tsavalas	2024-10-14T07:54:17	CC_BY_4_0	Alexis Tinker-Tsavalas	Alexis Tinker-Tsavalas			2026-04-11T07:20:28.982Z	StillImage	COORDINATE_ROUNDED;CONTINENT_DERIVED_FROM_COORDINATES;TAXON_ID_NOT_FOUND
4974193794	50c9509d-22c7-4a22-a47d-8c48425ef4a7	https://www.inaturalist.org/observations/247273812	Animalia	Arthropoda	Malacostraca	Isopoda	Platyarthridae	Trichorhina	Trichorhina tomentosa		SPECIES	Trichorhina tomentosa (Budde-Lund, 1893)	Trichorhina tomentosa		DE		Berlin	PRESENT		28eb1a3f-1c15-4a95-931a-4af90ecb574d	52.510233	13.336585	49.0						2024-09-21T12:42	21	9	2024	2204981	2204981	HUMAN_OBSERVATION	iNaturalist	Observations	247273812		Alexis Tinker-Tsavalas	2024-10-14T07:54:10	CC_BY_4_0	Alexis Tinker-Tsavalas	Alexis Tinker-Tsavalas			2026-04-11T10:56:26.433Z	StillImage	COORDINATE_ROUNDED;CONTINENT_DERIVED_FROM_COORDINATES;TAXON_ID_NOT_FOUND
4974079205	50c9509d-22c7-4a22-a47d-8c48425ef4a7	https://www.inaturalist.org/observations/247273785	Animalia	Arthropoda	Malacostraca	Isopoda	Platyarthridae	Trichorhina	Trichorhina tomentosa		SPECIES	Trichorhina tomentosa (Budde-Lund, 1893)	Trichorhina tomentosa		DE		Berlin	PRESENT		28eb1a3f-1c15-4a95-931a-4af90ecb574d	52.510233	13.336585	49.0						2024-09-21T12:28	21	9	2024	2204981	2204981	HUMAN_OBSERVATION	iNaturalist	Observations	247273785		Alexis Tinker-Tsavalas	2024-10-14T07:54:00	CC_BY_4_0	Alexis Tinker-Tsavalas	Alexis Tinker-Tsavalas			2026-04-11T10:56:26.250Z	StillImage	COORDINATE_ROUNDED;CONTINENT_DERIVED_FROM_COORDINATES;TAXON_ID_NOT_FOUND
4973877315	50c9509d-22c7-4a22-a47d-8c48425ef4a7	https://www.inaturalist.org/observations/247273770	Animalia	Arthropoda	Malacostraca	Isopoda	Platyarthridae	Trichorhina	Trichorhina tomentosa		SPECIES	Trichorhina tomentosa (Budde-Lund, 1893)	Trichorhina tomentosa		DE		Berlin	PRESENT		28eb1a3f-1c15-4a95-931a-4af90ecb574d	52.510233	13.336585	49.0						2024-09-21T12:19	21	9	2024	2204981	2204981	HUMAN_OBSERVATION	iNaturalist	Observations	247273770		Alexis Tinker-Tsavalas	2024-10-14T07:53:54	CC_BY_4_0	Alexis Tinker-Tsavalas	Alexis Tinker-Tsavalas			2026-04-11T10:56:25.107Z	StillImage	COORDINATE_ROUNDED;CONTINENT_DERIVED_FROM_COORDINATES;TAXON_ID_NOT_FOUND
4973841963	50c9509d-22c7-4a22-a47d-8c48425ef4a7	https://www.inaturalist.org/observations/247273766	Animalia	Arthropoda	Malacostraca	Isopoda	Platyarthridae	Trichorhina	Trichorhina tomentosa		SPECIES	Trichorhina tomentosa (Budde-Lund, 1893)	Trichorhina tomentosa		DE		Berlin	PRESENT		28eb1a3f-1c15-4a95-931a-4af90ecb574d	52.510233	13.336585	49.0						2024-09-21T12:18	21	9	2024	2204981	2204981	HUMAN_OBSERVATION	iNaturalist	Observations	247273766		Alexis Tinker-Tsavalas	2024-10-14T07:53:53	CC_BY_4_0	Alexis Tinker-Tsavalas	Alexis Tinker-Tsavalas			2026-04-11T10:56:23.607Z	StillImage	COORDINATE_ROUNDED;CONTINENT_DERIVED_FROM_COORDINATES;TAXON_ID_NOT_FOUND
4954470022	50c9509d-22c7-4a22-a47d-8c48425ef4a7	https://www.inaturalist.org/observations/247273825	Animalia	Arthropoda	Malacostraca	Isopoda	Platyarthridae	Trichorhina	Trichorhina tomentosa		SPECIES	Trichorhina tomentosa (Budde-Lund, 1893)	Trichorhina tomentosa		DE		Berlin	PRESENT		28eb1a3f-1c15-4a95-931a-4af90ecb574d	52.510233	13.336585	49.0						2024-09-21T12:47	21	9	2024	2204981	2204981	HUMAN_OBSERVATION	iNaturalist	Observations	247273825		Alexis Tinker-Tsavalas	2024-10-14T07:54:11	CC_BY_4_0	Alexis Tinker-Tsavalas	Alexis Tinker-Tsavalas			2026-04-11T10:56:22.845Z	StillImage	COORDINATE_ROUNDED;CONTINENT_DERIVED_FROM_COORDINATES;TAXON_ID_NOT_FOUND
4936540915	50c9509d-22c7-4a22-a47d-8c48425ef4a7	https://www.inaturalist.org/observations/196755559	Animalia	Arthropoda	Malacostraca	Isopoda	Platyarthridae	Trichorhina	Trichorhina tomentosa		SPECIES	Trichorhina tomentosa (Budde-Lund, 1893)	Trichorhina tomentosa		US		Florida	PRESENT		28eb1a3f-1c15-4a95-931a-4af90ecb574d	25.127731	-80.408767	4.0						2024-01-12T12:12:26	12	1	2024	2204981	2204981	HUMAN_OBSERVATION	iNaturalist	Observations	196755559		Nathan T. Jones	2024-01-15T14:56:59	CC_BY_NC_4_0	Jeremiah Degenhardt	Jeremiah Degenhardt			2026-04-11T09:07:39.353Z	StillImage	COORDINATE_ROUNDED;CONTINENT_DERIVED_FROM_COORDINATES;TAXON_ID_NOT_FOUND
4936396057	50c9509d-22c7-4a22-a47d-8c48425ef4a7	https://www.inaturalist.org/observations/196734527	Animalia	Arthropoda	Malacostraca	Isopoda	Platyarthridae	Trichorhina	Trichorhina tomentosa		SPECIES	Trichorhina tomentosa (Budde-Lund, 1893)	Trichorhina tomentosa		US		Florida	PRESENT		28eb1a3f-1c15-4a95-931a-4af90ecb574d	25.190079	-80.502451	30003.0						2024-01-12T10:00	12	1	2024	2204981	2204981	HUMAN_OBSERVATION	iNaturalist	Observations	196734527		Nathan T. Jones	2024-01-15T14:57:18	CC_BY_NC_4_0	Oonagh Degenhardt	Oonagh Degenhardt			2026-04-11T10:43:14.190Z	StillImage	COORDINATE_ROUNDED;CONTINENT_DERIVED_FROM_COORDINATES;TAXON_ID_NOT_FOUND
4923646680	50c9509d-22c7-4a22-a47d-8c48425ef4a7	https://www.inaturalist.org/observations/234891136	Animalia	Arthropoda	Malacostraca	Isopoda	Platyarthridae	Trichorhina	Trichorhina tomentosa		SPECIES	Trichorhina tomentosa (Budde-Lund, 1893)	Trichorhina tomentosa		US		Florida	PRESENT		28eb1a3f-1c15-4a95-931a-4af90ecb574d	24.612234	-81.213634	30047.0						2024-08-10T07:09	10	8	2024	2204981	2204981	HUMAN_OBSERVATION	iNaturalist	Observations	234891136		Grant Wang	2024-08-10T16:47:44	CC_BY_NC_4_0	MonkSloth	MonkSloth			2026-04-11T10:52:57.314Z	StillImage	COORDINATE_ROUNDED;TAXON_ID_NOT_FOUND
4921643581	50c9509d-22c7-4a22-a47d-8c48425ef4a7	https://www.inaturalist.org/observations/233910152	Animalia	Arthropoda	Malacostraca	Isopoda	Platyarthridae	Trichorhina	Trichorhina tomentosa		SPECIES	Trichorhina tomentosa (Budde-Lund, 1893)	Trichorhina tomentosa		US		Florida	PRESENT		28eb1a3f-1c15-4a95-931a-4af90ecb574d	24.722821	-81.224737	30047.0						2024-08-05T03:02	5	8	2024	2204981	2204981	HUMAN_OBSERVATION	iNaturalist	Observations	233910152		MonkSloth	2024-08-05T10:48:12	CC_BY_NC_4_0	MonkSloth	MonkSloth			2026-04-11T07:15:21.282Z	StillImage	COORDINATE_ROUNDED;CONTINENT_DERIVED_FROM_COORDINATES;TAXON_ID_NOT_FOUND
4921526284	50c9509d-22c7-4a22-a47d-8c48425ef4a7	https://www.inaturalist.org/observations/233903555	Animalia	Arthropoda	Malacostraca	Isopoda	Platyarthridae	Trichorhina	Trichorhina tomentosa		SPECIES	Trichorhina tomentosa (Budde-Lund, 1893)	Trichorhina tomentosa		US		Florida	PRESENT		28eb1a3f-1c15-4a95-931a-4af90ecb574d	24.711086	-81.3025	30047.0						2024-08-05T01:39	5	8	2024	2204981	2204981	HUMAN_OBSERVATION	iNaturalist	Observations	233903555		MonkSloth	2024-08-05T09:44:39	CC_BY_NC_4_0	MonkSloth	MonkSloth			2026-04-11T07:15:20.578Z	StillImage	COORDINATE_ROUNDED;CONTINENT_DERIVED_FROM_COORDINATES;TAXON_ID_NOT_FOUND
4908865358	50c9509d-22c7-4a22-a47d-8c48425ef4a7	https://www.inaturalist.org/observations/228647054	Animalia	Arthropoda	Malacostraca	Isopoda	Platyarthridae	Trichorhina	Trichorhina tomentosa		SPECIES	Trichorhina tomentosa (Budde-Lund, 1893)	Trichorhina tomentosa		US		Florida	PRESENT		28eb1a3f-1c15-4a95-931a-4af90ecb574d	25.1404	-80.925266							2024-03-24T11:35	24	3	2024	2204981	2204981	HUMAN_OBSERVATION	iNaturalist	Observations	228647054		Nathan T. Jones	2024-07-11T15:57:44	CC_BY_4_0	Nathan T. Jones	Nathan T. Jones			2026-04-11T10:51:18.733Z	StillImage	COORDINATE_ROUNDED;CONTINENT_DERIVED_FROM_COORDINATES;TAXON_ID_NOT_FOUND
4908054202	50c9509d-22c7-4a22-a47d-8c48425ef4a7	https://www.inaturalist.org/observations/228647053	Animalia	Arthropoda	Malacostraca	Isopoda	Platyarthridae	Trichorhina	Trichorhina tomentosa		SPECIES	Trichorhina tomentosa (Budde-Lund, 1893)	Trichorhina tomentosa		US		Florida	PRESENT		28eb1a3f-1c15-4a95-931a-4af90ecb574d	25.140395	-80.925258							2024-03-24T11:35	24	3	2024	2204981	2204981	HUMAN_OBSERVATION	iNaturalist	Observations	228647053		Nathan T. Jones	2024-07-11T15:57:43	CC_BY_4_0	Nathan T. Jones	Nathan T. Jones			2026-04-11T07:13:21.961Z	StillImage	COORDINATE_ROUNDED;CONTINENT_DERIVED_FROM_COORDINATES;TAXON_ID_NOT_FOUND
4907566758	2282809d-f37b-4568-9164-72ca2d17227b	https://www.izeltlabuak.hu/talalat/58832	Animalia	Arthropoda	Malacostraca	Isopoda	Platyarthridae	Trichorhina	Trichorhina tomentosa		SPECIES	Trichorhina tomentosa (Budde-Lund, 1893)	Trichorhina tomentosa		HU			PRESENT	1	1ecaad1e-29a1-4af8-8098-40d942ae522d	48.47435	21.46437							2018-09-30T00:00Z	30	9	2018	2204981	2204981	HUMAN_OBSERVATION	izeltlabuak.hu	Observations	58832		Nagy Zoltán	2019-04-29T14:25:47	CC_BY_4_0	https://www.izeltlabuak.hu/profil/k.marci	Kárpáti Marcell			2026-04-10T09:01:45.722Z		CONTINENT_DERIVED_FROM_COORDINATES;TAXON_ID_NOT_FOUND
4874428661	629befd5-fb45-4365-95c4-d07e72479b37	Natagora:Observations:303290169	Animalia	Arthropoda	Malacostraca	Isopoda	Platyarthridae	Trichorhina	Trichorhina tomentosa		SPECIES	Trichorhina tomentosa (Budde-Lund, 1893)	Trichorhina tomentosa	(Budde-Lund, 1893)	BE		Liège	PRESENT	250	147d711e-8a02-4b67-b4ce-918abd7dbb76	50.63482	5.56224	4.0						2024-03-28	28	3	2024	2204981	2204981	HUMAN_OBSERVATION	Natagora						CC0_1_0	Natagora				2026-03-08T00:44:13.414Z		OCCURRENCE_STATUS_INFERRED_FROM_INDIVIDUAL_COUNT;TAXON_ID_NOT_FOUND
4867627460	50c9509d-22c7-4a22-a47d-8c48425ef4a7	https://www.inaturalist.org/observations/215703982	Animalia	Arthropoda	Malacostraca	Isopoda	Platyarthridae	Trichorhina	Trichorhina tomentosa		SPECIES	Trichorhina tomentosa (Budde-Lund, 1893)	Trichorhina tomentosa		US		Florida	PRESENT		28eb1a3f-1c15-4a95-931a-4af90ecb574d	26.039537	-80.298952	29891.0						2024-05-11T13:57:21	11	5	2024	2204981	2204981	HUMAN_OBSERVATION	iNaturalist	Observations	215703982		Grant Wang	2024-05-14T16:36:19	CC_BY_NC_4_0	Melissa	Melissa			2026-04-11T10:47:56.531Z	StillImage	COORDINATE_ROUNDED;CONTINENT_DERIVED_FROM_COORDINATES;TAXON_ID_NOT_FOUND
4849844938	38b4c89f-584c-41bb-bd8f-cd1def33e92f	urn:lsid:artportalen.se:sighting:116166392	Animalia	Arthropoda	Malacostraca	Isopoda	Platyarthridae	Trichorhina	Trichorhina tomentosa		SPECIES	Trichorhina tomentosa (Budde-Lund, 1893)	Trichorhina tomentosa	(Budde-Lund, 1893)	SE	Universeum, Vg	Västergötland	PRESENT	1	b8323864-602a-4a7d-9127-bb903054e97d	57.69556	11.98936	50.0						2024-04-09	9	4	2024	2204981	2204981	HUMAN_OBSERVATION	SLU Artdatabanken	Artportalen	116166392				CC0_1_0	Ulf Gärdenfors	Ulf Gärdenfors			2026-04-11T17:20:56.397Z		
4607137827	50c9509d-22c7-4a22-a47d-8c48425ef4a7	https://www.inaturalist.org/observations/205581692	Animalia	Arthropoda	Malacostraca	Isopoda	Platyarthridae	Trichorhina	Trichorhina tomentosa		SPECIES	Trichorhina tomentosa (Budde-Lund, 1893)	Trichorhina tomentosa		US		Florida	PRESENT		28eb1a3f-1c15-4a95-931a-4af90ecb574d	25.173113	-80.373479	34.0						2024-03-28T10:00	28	3	2024	2204981	2204981	HUMAN_OBSERVATION	iNaturalist	Observations	205581692		Madison Harman	2024-04-05T22:50:53	CC_BY_4_0	Madison Harman	Madison Harman			2026-04-11T07:04:25.722Z	StillImage	COORDINATE_ROUNDED;CONTINENT_DERIVED_FROM_COORDINATES;TAXON_ID_NOT_FOUND
4606405380	38b4c89f-584c-41bb-bd8f-cd1def33e92f	urn:lsid:artportalen.se:sighting:115665823	Animalia	Arthropoda	Malacostraca	Isopoda	Platyarthridae	Trichorhina	Trichorhina tomentosa		SPECIES	Trichorhina tomentosa (Budde-Lund, 1893)	Trichorhina tomentosa	(Budde-Lund, 1893)	SE	Trädgårdsföreningen, palmhuset, Vg	Västergötland	PRESENT		b8323864-602a-4a7d-9127-bb903054e97d	57.70556	11.97577	25.0						2024-04-04	4	4	2024	2204981	2204981	HUMAN_OBSERVATION	SLU Artdatabanken	Artportalen	115665823				CC0_1_0	David Gustafsson	David Gustafsson			2026-04-11T17:18:42.035Z		
4597548420	50c9509d-22c7-4a22-a47d-8c48425ef4a7	https://www.inaturalist.org/observations/202612403	Animalia	Arthropoda	Malacostraca	Isopoda	Platyarthridae	Trichorhina	Trichorhina tomentosa		SPECIES	Trichorhina tomentosa (Budde-Lund, 1893)	Trichorhina tomentosa		US		Florida	PRESENT		28eb1a3f-1c15-4a95-931a-4af90ecb574d	25.725667	-80.399503	29936.0						2024-03-04T17:14	4	3	2024	2204981	2204981	HUMAN_OBSERVATION	iNaturalist	Observations	202612403		thirty_legs	2024-03-16T03:59:59	CC_BY_NC_4_0	thirty_legs	thirty_legs			2026-04-11T09:10:05.942Z	StillImage	COORDINATE_ROUNDED;CONTINENT_DERIVED_FROM_COORDINATES;TAXON_ID_NOT_FOUND
4547934951	f553f8f9-b147-4f09-86e5-0d1ce1a91ce0	20a1a780-1040-4d82-b556-d10342b04a1f	Animalia	Arthropoda	Malacostraca	Isopoda	Platyarthridae	Trichorhina	Trichorhina tomentosa		SPECIES	Trichorhina tomentosa (Budde-Lund, 1893)	Trichorhina tomentosa (Budde-Lund, 1893)		GP			PRESENT		1928bdf0-f5d2-11dc-8c12-b8a03c50a862	16.19761	-61.5398	43140.0										2204981	2204981	HUMAN_OBSERVATION							CC_BY_4_0					2026-03-03T02:39:03.915Z		COUNTRY_MISMATCH;CONTINENT_DERIVED_FROM_COORDINATES;TAXON_ID_NOT_FOUND
4547801644	f553f8f9-b147-4f09-86e5-0d1ce1a91ce0	de1bfaa1-4615-4bae-8da9-87b3ed6c7e4d	Animalia	Arthropoda	Malacostraca	Isopoda	Platyarthridae	Trichorhina	Trichorhina tomentosa		SPECIES	Trichorhina tomentosa (Budde-Lund, 1893)	Trichorhina tomentosa (Budde-Lund, 1893)		RE			PRESENT		1928bdf0-f5d2-11dc-8c12-b8a03c50a862	-21.13317	55.53241	32290.0										2204981	2204981	HUMAN_OBSERVATION							CC_BY_4_0					2026-03-03T02:39:04.943Z		COUNTRY_MISMATCH;CONTINENT_DERIVED_FROM_COORDINATES;TAXON_ID_NOT_FOUND
4535578050	50c9509d-22c7-4a22-a47d-8c48425ef4a7	https://www.inaturalist.org/observations/193155570	Animalia	Arthropoda	Malacostraca	Isopoda	Platyarthridae	Trichorhina	Trichorhina tomentosa		SPECIES	Trichorhina tomentosa (Budde-Lund, 1893)	Trichorhina tomentosa		US		Florida	PRESENT		28eb1a3f-1c15-4a95-931a-4af90ecb574d	30.438083	-84.280623	22059.0						2023-12-05T16:19:57	5	12	2023	2204981	2204981	HUMAN_OBSERVATION	iNaturalist	Observations	193155570		Nathan T. Jones	2024-01-19T03:31:19	CC_BY_NC_4_0	mycoflora	mycoflora			2026-04-11T10:42:22.808Z	StillImage	COORDINATE_ROUNDED;CONTINENT_DERIVED_FROM_COORDINATES;TAXON_ID_NOT_FOUND
4519856564	38b4c89f-584c-41bb-bd8f-cd1def33e92f	urn:lsid:artportalen.se:sighting:114521863	Animalia	Arthropoda	Malacostraca	Isopoda	Platyarthridae	Trichorhina	Trichorhina tomentosa		SPECIES	Trichorhina tomentosa (Budde-Lund, 1893)	Trichorhina tomentosa	(Budde-Lund, 1893)	SE	Universeum, regnskogen, Liseberg, Göteborg, Vg	Västergötland	PRESENT	5	b8323864-602a-4a7d-9127-bb903054e97d	57.69561	11.98919	25.0						2024-02-03	3	2	2024	2204981	2204981	HUMAN_OBSERVATION	SLU Artdatabanken	Artportalen	114521863				CC0_1_0	Frank Pollari-Karlsson	Frank Pollari-Karlsson, Klara Börjesson			2026-04-11T17:17:43.270Z		
4512181428	50c9509d-22c7-4a22-a47d-8c48425ef4a7	https://www.inaturalist.org/observations/193351081	Animalia	Arthropoda	Malacostraca	Isopoda	Platyarthridae	Trichorhina	Trichorhina tomentosa		SPECIES	Trichorhina tomentosa (Budde-Lund, 1893)	Trichorhina tomentosa		KY		North Side	PRESENT		28eb1a3f-1c15-4a95-931a-4af90ecb574d	19.277637	-81.308403	8.0						2023-12-07T16:05	7	12	2023	2204981	2204981	HUMAN_OBSERVATION	iNaturalist	Observations	193351081		Sequoia Janirella Wrens	2023-12-08T02:29:52	CC0_1_0	Sequoia Janirella Wrens	Sequoia Janirella Wrens			2026-04-11T10:42:26.348Z	StillImage	COORDINATE_ROUNDED;CONTINENT_DERIVED_FROM_COORDINATES;TAXON_ID_NOT_FOUND
4512049898	50c9509d-22c7-4a22-a47d-8c48425ef4a7	https://www.inaturalist.org/observations/193351077	Animalia	Arthropoda	Malacostraca	Isopoda	Platyarthridae	Trichorhina	Trichorhina tomentosa		SPECIES	Trichorhina tomentosa (Budde-Lund, 1893)	Trichorhina tomentosa		KY		North Side	PRESENT		28eb1a3f-1c15-4a95-931a-4af90ecb574d	19.277637	-81.308403	8.0						2023-12-07T16:01	7	12	2023	2204981	2204981	HUMAN_OBSERVATION	iNaturalist	Observations	193351077		Sequoia Janirella Wrens	2023-12-08T02:29:51	CC0_1_0	Sequoia Janirella Wrens	Sequoia Janirella Wrens			2026-04-11T09:06:15.261Z	StillImage	COORDINATE_ROUNDED;CONTINENT_DERIVED_FROM_COORDINATES;TAXON_ID_NOT_FOUND
4465432518	50c9509d-22c7-4a22-a47d-8c48425ef4a7	https://www.inaturalist.org/observations/193091054	Animalia	Arthropoda	Malacostraca	Isopoda	Platyarthridae	Trichorhina	Trichorhina tomentosa		SPECIES	Trichorhina tomentosa (Budde-Lund, 1893)	Trichorhina tomentosa		US		Florida	PRESENT		28eb1a3f-1c15-4a95-931a-4af90ecb574d	29.724003	-82.376998	29458.0						2023-12-04T20:02	4	12	2023	2204981	2204981	HUMAN_OBSERVATION	iNaturalist	Observations	193091054		Philipp Byzov	2023-12-05T06:44:57	CC_BY_4_0	joooom	joooom			2026-04-11T07:00:03.718Z	StillImage	COORDINATE_ROUNDED;CONTINENT_DERIVED_FROM_COORDINATES;TAXON_ID_NOT_FOUND
4429000547	38b4c89f-584c-41bb-bd8f-cd1def33e92f	urn:lsid:artportalen.se:sighting:112640300	Animalia	Arthropoda	Malacostraca	Isopoda	Platyarthridae	Trichorhina	Trichorhina tomentosa		SPECIES	Trichorhina tomentosa (Budde-Lund, 1893)	Trichorhina tomentosa	(Budde-Lund, 1893)	SE	Botaniska växthuset, Lund, Sk	Skåne	PRESENT	3	b8323864-602a-4a7d-9127-bb903054e97d	55.70476	13.20323	50.0						1981-11-18	18	11	1981	2204981	2204981	PRESERVED_SPECIMEN	SLU Artdatabanken	Artportalen	112640300				CC0_1_0	Ulf Gärdenfors	Ulf Gärdenfors			2026-04-11T17:17:16.891Z		INSTITUTION_MATCH_NONE
4400367664	50c9509d-22c7-4a22-a47d-8c48425ef4a7	https://www.inaturalist.org/observations/169049576	Animalia	Arthropoda	Malacostraca	Isopoda	Platyarthridae	Trichorhina	Trichorhina tomentosa		SPECIES	Trichorhina tomentosa (Budde-Lund, 1893)	Trichorhina tomentosa		BR		Rio Grande do Sul	PRESENT		28eb1a3f-1c15-4a95-931a-4af90ecb574d	-30.029115	-51.199491	97.0						2023-06-23T16:25:59	23	6	2023	2204981	2204981	HUMAN_OBSERVATION	iNaturalist	Observations	169049576				CC_BY_NC_4_0	Bruno Grassi	Bruno Grassi			2026-04-11T06:52:25.559Z	StillImage	COORDINATE_ROUNDED;CONTINENT_DERIVED_FROM_COORDINATES;TAXON_ID_NOT_FOUND
4120806332	9668b676-f762-11e1-a439-00145eb45e9a	https://id.senckenberg.de/object/sesam-1623483	Animalia	Arthropoda	Malacostraca	Isopoda	Platyarthridae	Trichorhina	Trichorhina tomentosa		SPECIES	Trichorhina tomentosa (Budde-Lund, 1893)	Trichorhina tomentosa (Budde-Lund 1893)		US	Milwaukee, Mitchell		PRESENT		c76cf030-2a95-11da-9cc1-b8a03c50a862	43.026433	-87.94595							1997-01-03	3	1	1997	2204981	2204981	PRESERVED_SPECIMEN	SMF	Crustacea - SMF	60426				CC_BY_4_0					2026-04-10T06:04:34.868Z		COORDINATE_ROUNDED;GEODETIC_DATUM_ASSUMED_WGS84;CONTINENT_DERIVED_FROM_COORDINATES;INSTITUTION_MATCH_FUZZY;COLLECTION_MATCH_FUZZY
4091959439	50c9509d-22c7-4a22-a47d-8c48425ef4a7	https://www.inaturalist.org/observations/155220870	Animalia	Arthropoda	Malacostraca	Isopoda	Platyarthridae	Trichorhina	Trichorhina tomentosa		SPECIES	Trichorhina tomentosa (Budde-Lund, 1893)	Trichorhina tomentosa		RU		Moscow City	PRESENT		28eb1a3f-1c15-4a95-931a-4af90ecb574d	55.763912	37.58219	24.0						2023-04-16T14:43:45	16	4	2023	2204981	2204981	HUMAN_OBSERVATION	iNaturalist	Observations	155220870		Philipp Byzov	2023-04-16T20:52:30	CC_BY_NC_4_0	Philipp Byzov	Philipp Byzov			2026-04-11T10:32:02.686Z	StillImage	COORDINATE_ROUNDED;CONTINENT_DERIVED_FROM_COORDINATES;TAXON_ID_NOT_FOUND
4091513416	50c9509d-22c7-4a22-a47d-8c48425ef4a7	https://www.inaturalist.org/observations/155283080	Animalia	Arthropoda	Malacostraca	Isopoda	Platyarthridae	Trichorhina	Trichorhina tomentosa		SPECIES	Trichorhina tomentosa (Budde-Lund, 1893)	Trichorhina tomentosa		RU		Moscow City	PRESENT		28eb1a3f-1c15-4a95-931a-4af90ecb574d	55.763932	37.582211	20.0						2023-04-16T15:24	16	4	2023	2204981	2204981	HUMAN_OBSERVATION	iNaturalist	Observations	155283080		Philipp Byzov	2023-04-17T04:42:08	CC_BY_NC_4_0	Philipp Byzov	Philipp Byzov			2026-04-11T08:51:39.845Z	StillImage	COORDINATE_ROUNDED;CONTINENT_DERIVED_FROM_COORDINATES;TAXON_ID_NOT_FOUND
4077894489	82a421d4-f762-11e1-a439-00145eb45e9a		Animalia	Arthropoda	Malacostraca	Isopoda	Platyarthridae	Trichorhina	Trichorhina tomentosa		SPECIES	Trichorhina tomentosa (Budde-Lund, 1893)	Trichorhina tomentosa (Budde-Lund, 1893)		DE	Gewächshaus (Görlitz, Stadtgebiet)		PRESENT		98dbab03-09e5-4ceb-988e-04f3e803decb	51.150305	14.926473											2204981	2204981	HUMAN_OBSERVATION	SMNG	Edaphobase	1447433.1911125				CC_BY_NC_4_0					2025-12-04T19:13:35.578Z		COORDINATE_ROUNDED;CONTINENT_DERIVED_FROM_COORDINATES
4059986333	38b4c89f-584c-41bb-bd8f-cd1def33e92f	urn:lsid:artportalen.se:sighting:107270629	Animalia	Arthropoda	Malacostraca	Isopoda	Platyarthridae	Trichorhina	Trichorhina tomentosa		SPECIES	Trichorhina tomentosa (Budde-Lund, 1893)	Trichorhina tomentosa	(Budde-Lund, 1893)	SE	Universeum, Vg	Västergötland	PRESENT	3	b8323864-602a-4a7d-9127-bb903054e97d	57.69551	11.98929	50.0						2023-03-11	11	3	2023	2204981	2204981	HUMAN_OBSERVATION	SLU Artdatabanken	Artportalen	107270629				CC0_1_0	Freddy Persson	Freddy Persson			2026-04-11T17:13:31.573Z		
4052480440	df12ca07-f133-4550-ab3b-fde13f0e76ba	http://tun.fi/JX.1535293#18	Animalia	Arthropoda	Malacostraca	Isopoda	Platyarthridae	Trichorhina	Trichorhina tomentosa		SPECIES	Trichorhina tomentosa (Budde-Lund, 1893)	Trichorhina tomentosa (Budde-Lund, 1893)		FI	Kaisaniemi	Uusimaa	PRESENT	1	04fd2e13-6881-4e5c-9dd1-8fdd9ab993c1	60.175359	24.946171	10.0						2022-11-20T22:00Z	20	11	2022	2204981	2204981	PRESERVED_SPECIMEN		HR.1747	http://tun.fi/JX.1535293		Matias Mustonen 2022		CC_BY_4_0		Merja Pulkkinen			2026-04-08T09:57:26.062Z		CONTINENT_DERIVED_FROM_COORDINATES;INSTITUTION_MATCH_NONE;TAXON_CONCEPT_ID_NOT_FOUND
4052473425	df12ca07-f133-4550-ab3b-fde13f0e76ba	http://tun.fi/JX.1535293#15	Animalia	Arthropoda	Malacostraca	Isopoda	Platyarthridae	Trichorhina	Trichorhina tomentosa		SPECIES	Trichorhina tomentosa (Budde-Lund, 1893)	Trichorhina tomentosa (Budde-Lund, 1893)		FI	Kaisaniemi	Uusimaa	PRESENT	1	04fd2e13-6881-4e5c-9dd1-8fdd9ab993c1	60.175359	24.946171	10.0						2022-11-20T22:00Z	20	11	2022	2204981	2204981	PRESERVED_SPECIMEN		HR.1747	http://tun.fi/JX.1535293		Matias Mustonen 2022		CC_BY_4_0		Merja Pulkkinen			2026-04-08T09:57:15.327Z		CONTINENT_DERIVED_FROM_COORDINATES;INSTITUTION_MATCH_NONE;TAXON_CONCEPT_ID_NOT_FOUND
4052473315	df12ca07-f133-4550-ab3b-fde13f0e76ba	http://tun.fi/JX.1535293#9	Animalia	Arthropoda	Malacostraca	Isopoda	Platyarthridae	Trichorhina	Trichorhina tomentosa		SPECIES	Trichorhina tomentosa (Budde-Lund, 1893)	Trichorhina tomentosa (Budde-Lund, 1893)		FI	Kaisaniemi	Uusimaa	PRESENT	1	04fd2e13-6881-4e5c-9dd1-8fdd9ab993c1	60.175359	24.946171	10.0						2022-11-20T22:00Z	20	11	2022	2204981	2204981	PRESERVED_SPECIMEN		HR.1747	http://tun.fi/JX.1535293		Matias Mustonen 2022		CC_BY_4_0		Merja Pulkkinen			2026-04-08T09:57:42.813Z		CONTINENT_DERIVED_FROM_COORDINATES;INSTITUTION_MATCH_NONE;TAXON_CONCEPT_ID_NOT_FOUND
4052472415	df12ca07-f133-4550-ab3b-fde13f0e76ba	http://tun.fi/JX.1535293#12	Animalia	Arthropoda	Malacostraca	Isopoda	Platyarthridae	Trichorhina	Trichorhina tomentosa		SPECIES	Trichorhina tomentosa (Budde-Lund, 1893)	Trichorhina tomentosa (Budde-Lund, 1893)		FI	Kaisaniemi	Uusimaa	PRESENT	1	04fd2e13-6881-4e5c-9dd1-8fdd9ab993c1	60.175359	24.946171	10.0						2022-11-20T22:00Z	20	11	2022	2204981	2204981	PRESERVED_SPECIMEN		HR.1747	http://tun.fi/JX.1535293		Matias Mustonen 2022		CC_BY_4_0		Merja Pulkkinen			2026-04-08T09:57:14.923Z		CONTINENT_DERIVED_FROM_COORDINATES;INSTITUTION_MATCH_NONE;TAXON_CONCEPT_ID_NOT_FOUND
4052472317	df12ca07-f133-4550-ab3b-fde13f0e76ba	http://tun.fi/JX.1535293#6	Animalia	Arthropoda	Malacostraca	Isopoda	Platyarthridae	Trichorhina	Trichorhina tomentosa		SPECIES	Trichorhina tomentosa (Budde-Lund, 1893)	Trichorhina tomentosa (Budde-Lund, 1893)		FI	Kaisaniemi	Uusimaa	PRESENT	1	04fd2e13-6881-4e5c-9dd1-8fdd9ab993c1	60.175359	24.946171	10.0						2022-11-20T22:00Z	20	11	2022	2204981	2204981	PRESERVED_SPECIMEN		HR.1747	http://tun.fi/JX.1535293		Matias Mustonen 2022		CC_BY_4_0		Merja Pulkkinen			2026-04-08T09:57:42.143Z		CONTINENT_DERIVED_FROM_COORDINATES;INSTITUTION_MATCH_NONE;TAXON_CONCEPT_ID_NOT_FOUND
4052468324	df12ca07-f133-4550-ab3b-fde13f0e76ba	http://tun.fi/JX.1535293#3	Animalia	Arthropoda	Malacostraca	Isopoda	Platyarthridae	Trichorhina	Trichorhina tomentosa		SPECIES	Trichorhina tomentosa (Budde-Lund, 1893)	Trichorhina tomentosa (Budde-Lund, 1893)		FI	Kaisaniemi	Uusimaa	PRESENT	1	04fd2e13-6881-4e5c-9dd1-8fdd9ab993c1	60.175359	24.946171	10.0						2022-11-20T22:00Z	20	11	2022	2204981	2204981	PRESERVED_SPECIMEN		HR.1747	http://tun.fi/JX.1535293		Matias Mustonen 2022		CC_BY_4_0		Merja Pulkkinen			2026-04-08T09:56:52.037Z		CONTINENT_DERIVED_FROM_COORDINATES;INSTITUTION_MATCH_NONE;TAXON_CONCEPT_ID_NOT_FOUND
4046817741	d18935d7-260c-4633-af39-7eb7ee6f1e14	EED55CA4-DA25-1A8D-E053-0514A8C04585	Animalia	Arthropoda	Malacostraca	Isopoda	Platyarthridae	Trichorhina	Trichorhina tomentosa		SPECIES	Trichorhina tomentosa (Budde-Lund, 1893)	Trichorhina tomentosa (Budde-Lund, 1893)		FR	grande serre du Parc Phoenix, zones tropicale, australe, orchidées et fougères		PRESENT		1928bdf0-f5d2-11dc-8c12-b8a03c50a862	43.66887	7.21914	10.0		6.0	0.0			2011-01-01/2014-12-31				2204981	2204981	HUMAN_OBSERVATION					NOEL Franck	2022-12-02T00:00:00	CC_BY_4_0		LEMAIRE Jean-Michel, GERRIET Olivier			2026-03-04T06:42:55.426Z		FOOTPRINT_WKT_MISMATCH;CONTINENT_DERIVED_FROM_COORDINATES;TAXON_ID_NOT_FOUND
4042060501	38b4c89f-584c-41bb-bd8f-cd1def33e92f	urn:lsid:artportalen.se:sighting:107027897	Animalia	Arthropoda	Malacostraca	Isopoda	Platyarthridae	Trichorhina	Trichorhina tomentosa		SPECIES	Trichorhina tomentosa (Budde-Lund, 1893)	Trichorhina tomentosa	(Budde-Lund, 1893)	SE	Palmhuset Göteborg, Vg	Västergötland	PRESENT	4	b8323864-602a-4a7d-9127-bb903054e97d	57.70563	11.97593	50.0						2023-02-25	25	2	2023	2204981	2204981	HUMAN_OBSERVATION	SLU Artdatabanken	Artportalen	107027897				CC0_1_0	Freddy Persson	Freddy Persson, Johan Ennerfelt			2026-04-11T17:17:25.270Z		
4035418301	d185ab72-3518-4cb8-b9ad-79010d6eef70	http://id.luomus.fi/MY.13982252	Animalia	Arthropoda	Malacostraca	Isopoda	Platyarthridae	Trichorhina	Trichorhina tomentosa		SPECIES	Trichorhina tomentosa (Budde-Lund, 1893)	Trichorhina tomentosa (Budde-Lund, 1893)		FI	Kaisaniemi | Kaisaniemen kasvitieteellisen puutarhan kasvihuone	Uusimaa	PRESENT	14	39adeab9-6ec9-4c56-801e-7144d0eb630c	60.175341	24.946134	50.0						2022-11-21T00:00Z	21	11	2022	2204981	2204981	PRESERVED_SPECIMEN	MZH	HR.1087	http://id.luomus.fi/KN.36541		Pajunen, Timo		CC_BY_4_0		Pulkkinen, Merja			2026-04-10T22:54:18.593Z		CONTINENT_DERIVED_FROM_COORDINATES;COLLECTION_MATCH_NONE;INSTITUTION_MATCH_FUZZY;TAXON_CONCEPT_ID_NOT_FOUND
4033587491	38b4c89f-584c-41bb-bd8f-cd1def33e92f	urn:lsid:artportalen.se:sighting:106607920	Animalia	Arthropoda	Malacostraca	Isopoda	Platyarthridae	Trichorhina	Trichorhina tomentosa		SPECIES	Trichorhina tomentosa (Budde-Lund, 1893)	Trichorhina tomentosa	(Budde-Lund, 1893)	SE	Universeum, regnskogen, Liseberg, Göteborg, Vg	Västergötland	PRESENT		b8323864-602a-4a7d-9127-bb903054e97d	57.69561	11.98919	25.0						2023-02-10	10	2	2023	2204981	2204981	HUMAN_OBSERVATION	SLU Artdatabanken	Artportalen	106607920				CC0_1_0	Frank Pollari-Karlsson	Frank Pollari-Karlsson, Alma Berg			2026-04-11T17:13:56.163Z		
4015905465	a8035a1d-e674-4d2a-bb59-b476af6a3d6d	5fc9e471-09dc-458c-af0c-7a102c36a1dc	Animalia	Arthropoda	Malacostraca	Isopoda	Platyarthridae	Trichorhina	Trichorhina tomentosa		SPECIES	Trichorhina tomentosa (Budde-Lund, 1893)	Trichorhina tomentosa (Budde-Lund, 1893)	(Budde-Lund, 1893)	US		Florida	PRESENT	7	ccd1ddc0-6c21-11de-8224-b8a03c50a862	26.011089	-80.149385							1963-09-12	12	9	1963	2204981	2204981	PRESERVED_SPECIMEN	AMNH	Invertebrate Zoology		Crustacea 14228	George A. Schultz		CC_BY_NC_4_0	American Musem of Natural History				2026-03-03T09:35:15.582Z		GEODETIC_DATUM_ASSUMED_WGS84;OCCURRENCE_STATUS_INFERRED_FROM_INDIVIDUAL_COUNT;INSTITUTION_MATCH_FUZZY;COLLECTION_MATCH_FUZZY;TAXON_ID_NOT_FOUND
4015903445	a8035a1d-e674-4d2a-bb59-b476af6a3d6d	3bc91336-5a73-43ee-be47-a0810496495f	Animalia	Arthropoda	Malacostraca	Isopoda	Platyarthridae	Trichorhina	Trichorhina tomentosa		SPECIES	Trichorhina tomentosa (Budde-Lund, 1893)	Trichorhina tomentosa (Budde-Lund, 1893)	(Budde-Lund, 1893)	US	Archbold Biological Station	Florida	PRESENT	1	ccd1ddc0-6c21-11de-8224-b8a03c50a862	27.12385	-81.36607							1850			1850	2204981	2204981	PRESERVED_SPECIMEN	AMNH	Invertebrate Zoology		Crustacea 14966	George A. Schultz		CC_BY_NC_4_0	American Musem of Natural History				2026-03-03T09:35:15.108Z		GEODETIC_DATUM_ASSUMED_WGS84;OCCURRENCE_STATUS_INFERRED_FROM_INDIVIDUAL_COUNT;INSTITUTION_MATCH_FUZZY;COLLECTION_MATCH_FUZZY;TAXON_ID_NOT_FOUND
3935117920	91aa3d5b-6f77-4135-a823-cef438a60dfa	5156bbee-de1e-427d-b701-46582a6a7b69	Animalia	Arthropoda	Malacostraca	Isopoda	Platyarthridae	Trichorhina	Trichorhina tomentosa		SPECIES	Trichorhina tomentosa (Budde-Lund, 1893)	Trichorhina tomentosa (Budde-Lund, 1893)		RE			PRESENT		1928bdf0-f5d2-11dc-8c12-b8a03c50a862	-21.13317	55.53241	32290.0										2204981	2204981	HUMAN_OBSERVATION							CC_BY_4_0					2026-03-03T09:43:20.729Z		COUNTRY_MISMATCH;CONTINENT_DERIVED_FROM_COORDINATES;TAXON_ID_NOT_FOUND
3935072534	91aa3d5b-6f77-4135-a823-cef438a60dfa	3b89996b-deeb-4ba2-930c-4d2508a038ed	Animalia	Arthropoda	Malacostraca	Isopoda	Platyarthridae	Trichorhina	Trichorhina tomentosa		SPECIES	Trichorhina tomentosa (Budde-Lund, 1893)	Trichorhina tomentosa (Budde-Lund, 1893)		GP			PRESENT		1928bdf0-f5d2-11dc-8c12-b8a03c50a862	16.19759	-61.53977	43140.0										2204981	2204981	HUMAN_OBSERVATION							CC_BY_4_0					2026-03-03T09:43:21.087Z		COUNTRY_MISMATCH;CONTINENT_DERIVED_FROM_COORDINATES;TAXON_ID_NOT_FOUND
3902852171	50c9509d-22c7-4a22-a47d-8c48425ef4a7	https://www.inaturalist.org/observations/133061942	Animalia	Arthropoda	Malacostraca	Isopoda	Platyarthridae	Trichorhina	Trichorhina tomentosa		SPECIES	Trichorhina tomentosa (Budde-Lund, 1893)	Trichorhina tomentosa		SE		Västra Götaland	PRESENT		28eb1a3f-1c15-4a95-931a-4af90ecb574d	57.705745	11.976153	11.0						2022-08-31T10:11:01	31	8	2022	2204981	2204981	HUMAN_OBSERVATION	iNaturalist	Observations	133061942		Phaulactis	2022-08-31T10:35:56	CC_BY_NC_4_0	Phaulactis	Phaulactis			2026-04-11T08:42:55.929Z	StillImage	COORDINATE_ROUNDED;CONTINENT_DERIVED_FROM_COORDINATES;TAXON_ID_NOT_FOUND
3846954261	6ed43f52-25d1-4d56-a821-63a8564b81f6	c36ad0f0-7a35-4654-b22c-22f13faf2583	Animalia	Arthropoda	Malacostraca	Isopoda	Platyarthridae	Trichorhina	Trichorhina tomentosa		SPECIES	Trichorhina tomentosa (Budde-Lund, 1893)	Trichorhina tomentosa (Budde-Lund, 1893)		GP			PRESENT		1928bdf0-f5d2-11dc-8c12-b8a03c50a862	16.19759	-61.53977	43140.0										2204981	2204981	HUMAN_OBSERVATION							CC_BY_4_0					2026-03-03T10:19:48.133Z		COUNTRY_MISMATCH;CONTINENT_DERIVED_FROM_COORDINATES;TAXON_ID_NOT_FOUND
3829979553	9a0b66df-7535-4f28-9f4e-5bc11b8b096c	Natuurpunt:Waarnemingen:242561933	Animalia	Arthropoda	Malacostraca	Isopoda	Platyarthridae	Trichorhina	Trichorhina tomentosa		SPECIES	Trichorhina tomentosa (Budde-Lund, 1893)	Trichorhina tomentosa	(Budde-Lund, 1893)	BE		Flemish Brabant	PRESENT	1	4d3ceea8-5699-439d-a899-decac9cbbdac	50.92514	4.33023	50.0						2022-05-21	21	5	2022	2204981	2204981	HUMAN_OBSERVATION	Natuurpunt	waarnemingen.be					CC_BY_NC_4_0	Natuurpunt Studie				2026-04-08T12:17:14.157Z		OCCURRENCE_STATUS_INFERRED_FROM_INDIVIDUAL_COUNT;TAXON_ID_NOT_FOUND
3784974421	50c9509d-22c7-4a22-a47d-8c48425ef4a7	https://www.inaturalist.org/observations/112342812	Animalia	Arthropoda	Malacostraca	Isopoda	Platyarthridae	Trichorhina	Trichorhina tomentosa		SPECIES	Trichorhina tomentosa (Budde-Lund, 1893)	Trichorhina tomentosa		BM		Hamilton Municipality	PRESENT		28eb1a3f-1c15-4a95-931a-4af90ecb574d	32.292608	-64.787198							2022-04-05T10:55	5	4	2022	2204981	2204981	HUMAN_OBSERVATION	iNaturalist	Observations	112342812		James Bailey	2022-04-22T01:54:45	CC_BY_NC_4_0	James Bailey	James Bailey			2026-04-11T08:36:02.981Z	StillImage	COORDINATE_ROUNDED;CONTINENT_DERIVED_FROM_COORDINATES;TAXON_ID_NOT_FOUND
3784940440	50c9509d-22c7-4a22-a47d-8c48425ef4a7	https://www.inaturalist.org/observations/112057945	Animalia	Arthropoda	Malacostraca	Isopoda	Platyarthridae	Trichorhina	Trichorhina tomentosa		SPECIES	Trichorhina tomentosa (Budde-Lund, 1893)	Trichorhina tomentosa		BM		Southampton	PRESENT		28eb1a3f-1c15-4a95-931a-4af90ecb574d	32.262312	-64.866541	4.0						2022-04-01T16:06	1	4	2022	2204981	2204981	HUMAN_OBSERVATION	iNaturalist	Observations	112057945		James Bailey	2022-04-19T16:59:28	CC_BY_NC_4_0	James Bailey	James Bailey			2026-04-11T08:35:58.776Z	StillImage	COORDINATE_ROUNDED;CONTINENT_DERIVED_FROM_COORDINATES;TAXON_ID_NOT_FOUND
3784895415	50c9509d-22c7-4a22-a47d-8c48425ef4a7	https://www.inaturalist.org/observations/112057938	Animalia	Arthropoda	Malacostraca	Isopoda	Platyarthridae	Trichorhina	Trichorhina tomentosa		SPECIES	Trichorhina tomentosa (Budde-Lund, 1893)	Trichorhina tomentosa		BM		Southampton	PRESENT		28eb1a3f-1c15-4a95-931a-4af90ecb574d	32.262312	-64.866541	4.0						2022-04-01T15:58	1	4	2022	2204981	2204981	HUMAN_OBSERVATION	iNaturalist	Observations	112057938		James Bailey	2022-04-19T16:59:26	CC_BY_NC_4_0	James Bailey	James Bailey			2026-04-11T08:35:57.610Z	StillImage	COORDINATE_ROUNDED;CONTINENT_DERIVED_FROM_COORDINATES;TAXON_ID_NOT_FOUND
3747018911	50c9509d-22c7-4a22-a47d-8c48425ef4a7	https://www.inaturalist.org/observations/109136019	Animalia	Arthropoda	Malacostraca	Isopoda	Platyarthridae	Trichorhina	Trichorhina tomentosa		SPECIES	Trichorhina tomentosa (Budde-Lund, 1893)	Trichorhina tomentosa		DK		Midtjylland	PRESENT		28eb1a3f-1c15-4a95-931a-4af90ecb574d	56.456999	10.031892	10.0						2022-03-17T12:00	17	3	2022	2204981	2204981	HUMAN_OBSERVATION	iNaturalist	Observations	109136019		cloclo53	2022-03-28T05:11:09	CC_BY_NC_4_0	Sean Birk Bek Craig	Sean Birk Bek Craig			2026-04-11T06:30:42.915Z	StillImage	COORDINATE_ROUNDED;CONTINENT_DERIVED_FROM_COORDINATES;TAXON_ID_NOT_FOUND
3476593460	da18c4ac-e5aa-4caf-915b-e6a86a01705d	304CEA76-BB1F-0593-E053-2614A8C02206	Animalia	Arthropoda	Malacostraca	Isopoda	Platyarthridae	Trichorhina	Trichorhina tomentosa		SPECIES	Trichorhina tomentosa (Budde-Lund, 1893)	Trichorhina tomentosa (Budde-Lund, 1893)		FR			PRESENT		1928bdf0-f5d2-11dc-8c12-b8a03c50a862	48.85662	2.34293	9005.0						1896-01-01/1896-12-31			1896	2204981	2204981	HUMAN_OBSERVATION					DOLLFUS Adrien		CC_BY_4_0					2026-03-04T06:43:10.745Z		CONTINENT_DERIVED_FROM_COORDINATES;TAXON_ID_NOT_FOUND
3476593427	da18c4ac-e5aa-4caf-915b-e6a86a01705d	304CEA76-BB20-0593-E053-2614A8C02206	Animalia	Arthropoda	Malacostraca	Isopoda	Platyarthridae	Trichorhina	Trichorhina tomentosa		SPECIES	Trichorhina tomentosa (Budde-Lund, 1893)	Trichorhina tomentosa (Budde-Lund, 1893)		FR			PRESENT		1928bdf0-f5d2-11dc-8c12-b8a03c50a862	48.85662	2.34293	9005.0						1899-01-01/1899-12-31			1899	2204981	2204981	HUMAN_OBSERVATION					DOLLFUS Adrien		CC_BY_4_0					2026-03-04T06:43:10.725Z		CONTINENT_DERIVED_FROM_COORDINATES;TAXON_ID_NOT_FOUND
3442236437	040c5662-da76-4782-a48e-cdea1892d14c	PLAFH1038-21	Animalia	Arthropoda	Malacostraca	Isopoda	Platyarthridae	Trichorhina	Trichorhina tomentosa		UNRANKED	BOLD:ADG1585	BOLD:ADG1585		CR	PL12-5	Guanacaste Province	PRESENT		b3bf3a83-1f68-4541-a03f-330d30d567f5	10.763	-85.334			831.0	0.0			2020-07-02	2	7	2020	10433354	2204981	MATERIAL_SAMPLE	Centre for Biodiversity Genomics		BIOUG65352-G02		Renee Miskie		CC_BY_4_0		D.Janzen, W.Hallwachs			2026-04-09T02:12:10.167Z	StillImage	GEODETIC_DATUM_ASSUMED_WGS84;COUNTRY_DERIVED_FROM_COORDINATES;CONTINENT_DERIVED_FROM_COORDINATES;COLLECTION_MATCH_NONE;INSTITUTION_MATCH_FUZZY;TAXON_ID_NOT_FOUND;TAXON_CONCEPT_ID_NOT_FOUND
3045944499	9668b676-f762-11e1-a439-00145eb45e9a	https://id.senckenberg.de/object/sesam-686253	Animalia	Arthropoda	Malacostraca	Isopoda	Platyarthridae	Trichorhina	Trichorhina tomentosa		SPECIES	Trichorhina tomentosa (Budde-Lund, 1893)	Trichorhina tomentosa (Budde-Lund 1893)		SB	Nendo Island		PRESENT		c76cf030-2a95-11da-9cc1-b8a03c50a862	-10.721333	165.928517											2204981	2204981	PRESERVED_SPECIMEN	SMF	Crustacea - SMF	41244				CC_BY_4_0					2026-04-10T06:04:27.430Z		COORDINATE_ROUNDED;GEODETIC_DATUM_ASSUMED_WGS84;CONTINENT_DERIVED_FROM_COORDINATES;RECORDED_DATE_INVALID;INSTITUTION_MATCH_FUZZY;COLLECTION_MATCH_FUZZY
3045944498	9668b676-f762-11e1-a439-00145eb45e9a	https://id.senckenberg.de/object/sesam-686256	Animalia	Arthropoda	Malacostraca	Isopoda	Platyarthridae	Trichorhina	Trichorhina tomentosa		SPECIES	Trichorhina tomentosa (Budde-Lund, 1893)	Trichorhina tomentosa (Budde-Lund 1893)		NU	Niue		PRESENT		c76cf030-2a95-11da-9cc1-b8a03c50a862	-19.0845	-169.829467											2204981	2204981	PRESERVED_SPECIMEN	SMF	Crustacea - SMF	41245				CC_BY_4_0					2026-04-10T06:04:27.432Z		COORDINATE_ROUNDED;GEODETIC_DATUM_ASSUMED_WGS84;COUNTRY_INVALID;COUNTRY_DERIVED_FROM_COORDINATES;CONTINENT_DERIVED_FROM_COORDINATES;RECORDED_DATE_INVALID;INSTITUTION_MATCH_FUZZY;COLLECTION_MATCH_FUZZY
3045944497	9668b676-f762-11e1-a439-00145eb45e9a	https://id.senckenberg.de/object/sesam-686252	Animalia	Arthropoda	Malacostraca	Isopoda	Platyarthridae	Trichorhina	Trichorhina tomentosa		SPECIES	Trichorhina tomentosa (Budde-Lund, 1893)	Trichorhina tomentosa (Budde-Lund 1893)		FJ	Suva		PRESENT		c76cf030-2a95-11da-9cc1-b8a03c50a862	-18.151717	178.434767							1996-05-11	11	5	1996	2204981	2204981	PRESERVED_SPECIMEN	SMF	Crustacea - SMF	41243				CC_BY_4_0					2026-04-10T06:04:27.433Z		COORDINATE_ROUNDED;GEODETIC_DATUM_ASSUMED_WGS84;CONTINENT_DERIVED_FROM_COORDINATES;INSTITUTION_MATCH_FUZZY;COLLECTION_MATCH_FUZZY
3045944377	9668b676-f762-11e1-a439-00145eb45e9a	https://id.senckenberg.de/object/sesam-686248	Animalia	Arthropoda	Malacostraca	Isopoda	Platyarthridae	Trichorhina	Trichorhina tomentosa		SPECIES	Trichorhina tomentosa (Budde-Lund, 1893)	Trichorhina tomentosa (Budde-Lund 1893)		FJ	Suva, Upper Sigatoke Valley		PRESENT		c76cf030-2a95-11da-9cc1-b8a03c50a862	-18.15	177.5							1996-05-06	6	5	1996	2204981	2204981	PRESERVED_SPECIMEN	SMF	Crustacea - SMF	41242				CC_BY_4_0					2026-04-10T06:04:27.403Z		GEODETIC_DATUM_ASSUMED_WGS84;CONTINENT_DERIVED_FROM_COORDINATES;INSTITUTION_MATCH_FUZZY;COLLECTION_MATCH_FUZZY
3045944372	9668b676-f762-11e1-a439-00145eb45e9a	https://id.senckenberg.de/object/sesam-686246	Animalia	Arthropoda	Malacostraca	Isopoda	Platyarthridae	Trichorhina	Trichorhina tomentosa		SPECIES	Trichorhina tomentosa (Budde-Lund, 1893)	Trichorhina tomentosa (Budde-Lund 1893)		CK	Rarotonga		PRESENT		c76cf030-2a95-11da-9cc1-b8a03c50a862	-21.226183	-159.778133											2204981	2204981	PRESERVED_SPECIMEN	SMF	Crustacea - SMF	41241				CC_BY_4_0					2026-04-10T06:04:27.412Z		COORDINATE_ROUNDED;GEODETIC_DATUM_ASSUMED_WGS84;CONTINENT_DERIVED_FROM_COORDINATES;PRESUMED_NEGATED_LONGITUDE;RECORDED_DATE_INVALID;INSTITUTION_MATCH_FUZZY;COLLECTION_MATCH_FUZZY
3025799332	8138eb72-f762-11e1-a439-00145eb45e9a	https://darwin.naturalsciences.be/uri/object/e05f90f1-2b42-475d-8b58-edcf884e17cb	Animalia	Arthropoda	Malacostraca	Isopoda	Platyarthridae	Trichorhina	Trichorhina tomentosa		SPECIES	Trichorhina tomentosa (Budde-Lund, 1893)	Trichorhina tomentosa (Budde-Lund, 1893)	(Budde-Lund, 1893)	BE			PRESENT		e88c96a3-5884-4e51-a580-e417ca4c9eed	51.046138	3.73501	5000.0						1972-10-07	7	10	1972	2204981	2204981	PRESERVED_SPECIMEN	RBINS-Scientific Heritage	urn:catalog:RBINS:Malacostraca	INV.93287		Kersmaekers Martin (Dr.)	1973-01-01T00:00:00	CC_BY_NC_4_0	Royal Belgian Institute of Natural Sciences	Kersmaekers Martin (Dr.)			2026-03-03T20:47:07.193Z		COORDINATE_ROUNDED;GEODETIC_DATUM_ASSUMED_WGS84;CONTINENT_DERIVED_FROM_COORDINATES;TYPE_STATUS_INVALID;INSTITUTION_MATCH_NONE
3024651817	db2cd6fc-a7d5-43ad-b944-8a663d57ae73	https://darwin.naturalsciences.be/uri/object/83371282-222a-4ae8-9c25-ef33feb0d9c4	Animalia	Arthropoda	Malacostraca	Isopoda	Platyarthridae	Trichorhina	Trichorhina tomentosa		SPECIES	Trichorhina tomentosa (Budde-Lund, 1893)	Trichorhina tomentosa (Budde-Lund, 1893)	(Budde-Lund, 1893)	BE			PRESENT		e88c96a3-5884-4e51-a580-e417ca4c9eed	51.05	3.733333	1500.0						1972-07-10	10	7	1972	2204981	2204981	PRESERVED_SPECIMEN	RBINS	INV-CRU	INV.112389		Kersmaekers Martin (Dr.)		CC_BY_NC_4_0	Royal Belgian Institute of Natural Sciences	Kersmaekers Martin (Dr.)			2025-11-25T07:06:21.941Z		COORDINATE_ROUNDED;GEODETIC_DATUM_ASSUMED_WGS84;COUNTRY_DERIVED_FROM_COORDINATES;CONTINENT_DERIVED_FROM_COORDINATES
3024633331	db2cd6fc-a7d5-43ad-b944-8a663d57ae73	https://darwin.naturalsciences.be/uri/object/e05f90f1-2b42-475d-8b58-edcf884e17cb	Animalia	Arthropoda	Malacostraca	Isopoda	Platyarthridae	Trichorhina	Trichorhina tomentosa		SPECIES	Trichorhina tomentosa (Budde-Lund, 1893)	Trichorhina tomentosa (Budde-Lund, 1893)	(Budde-Lund, 1893)	BE			PRESENT		e88c96a3-5884-4e51-a580-e417ca4c9eed	51.046138	3.73501	5000.0						1972-10-07	7	10	1972	2204981	2204981	PRESERVED_SPECIMEN	RBINS	INV-CRU	INV.93287		Kersmaekers Martin (Dr.)	1973-01-01T00:00:00	CC_BY_NC_4_0	Royal Belgian Institute of Natural Sciences	Kersmaekers Martin (Dr.)			2025-11-25T07:05:44.611Z		COORDINATE_ROUNDED;GEODETIC_DATUM_ASSUMED_WGS84;CONTINENT_DERIVED_FROM_COORDINATES
3024597296	db2cd6fc-a7d5-43ad-b944-8a663d57ae73	https://darwin.naturalsciences.be/uri/object/a17ff982-4ba2-4b84-ab83-6525534e1dd5	Animalia	Arthropoda	Malacostraca	Isopoda	Platyarthridae	Trichorhina	Trichorhina tomentosa		SPECIES	Trichorhina tomentosa (Budde-Lund, 1893)	Trichorhina tomentosa (Budde-Lund, 1893)	(Budde-Lund, 1893)	EC			PRESENT		e88c96a3-5884-4e51-a580-e417ca4c9eed	-1.2975	-90.434167	10000.0						1964-12/1965-01				2204981	2204981	PRESERVED_SPECIMEN	RBINS	INV-CRU	INV.112189		Leleup	1965-01-01T00:00:00	CC_BY_NC_4_0	Royal Belgian Institute of Natural Sciences				2025-11-25T07:04:05.394Z		COORDINATE_ROUNDED;GEODETIC_DATUM_ASSUMED_WGS84;COUNTRY_DERIVED_FROM_COORDINATES;CONTINENT_DERIVED_FROM_COORDINATES
2573319432	9a0b66df-7535-4f28-9f4e-5bc11b8b096c	Natuurpunt:Waarnemingen:185182004	Animalia	Arthropoda	Malacostraca	Isopoda	Platyarthridae	Trichorhina	Trichorhina tomentosa		SPECIES	Trichorhina tomentosa (Budde-Lund, 1893)	Trichorhina tomentosa	(Budde-Lund, 1893)	BE		Antwerp	PRESENT	1	4d3ceea8-5699-439d-a899-decac9cbbdac	51.21463	4.42507	10.0						2020-02-05	5	2	2020	2204981	2204981	HUMAN_OBSERVATION	Natuurpunt	waarnemingen.be					CC_BY_NC_4_0	Natuurpunt Studie				2026-04-08T12:15:22.817Z		OCCURRENCE_STATUS_INFERRED_FROM_INDIVIDUAL_COUNT;TAXON_ID_NOT_FOUND
2533028011	38b4c89f-584c-41bb-bd8f-cd1def33e92f	urn:lsid:artportalen.se:sighting:81126341	Animalia	Arthropoda	Malacostraca	Isopoda	Platyarthridae	Trichorhina	Trichorhina tomentosa		SPECIES	Trichorhina tomentosa (Budde-Lund, 1893)	Trichorhina tomentosa	(Budde-Lund, 1893)	SE	Palmhuset, Vg	Västergötland	PRESENT	1	b8323864-602a-4a7d-9127-bb903054e97d	57.70561	11.97579	50.0						2019-12-09	9	12	2019	2204981	2204981	HUMAN_OBSERVATION	SLU Artdatabanken	Artportalen	81126341				CC0_1_0	Jan-Åke Noresson	Jan-Åke Noresson, Bo Brinkhoff, Ingvor Svensson			2026-04-11T17:19:57.192Z		
251621383	7b84c0a2-f762-11e1-a439-00145eb45e9a		Animalia	Arthropoda	Malacostraca	Isopoda	Platyarthridae	Trichorhina	Trichorhina tomentosa		SPECIES	Trichorhina tomentosa (Budde-Lund, 1893)	Trichorhina tomentosa (Budde-Lund 1893)		DE	Berlin		PRESENT		c76cf030-2a95-11da-9cc1-b8a03c50a862	52.516667	13.4											2204981	2204981	PRESERVED_SPECIMEN	ZMB	Collection Crustacea	24722				CC_BY_4_0					2026-04-10T15:24:16.224Z		COORDINATE_ROUNDED;GEODETIC_DATUM_ASSUMED_WGS84;CONTINENT_DERIVED_FROM_COORDINATES;COLLECTION_MATCH_NONE;INSTITUTION_MATCH_FUZZY
2480804788	2c13b330-d6c5-4d4f-a726-129ca8c855cf	82e3ca1f-eb75-24f6-e053-2614a8c008ee	Animalia	Arthropoda	Malacostraca	Isopoda	Platyarthridae	Trichorhina	Trichorhina tomentosa		SPECIES	Trichorhina tomentosa (Budde-Lund, 1893)	Trichorhina tomentosa (Budde-Lund, 1893)		FR			PRESENT		1928bdf0-f5d2-11dc-8c12-b8a03c50a862	48.85662	2.34293	9005.0						1899-01-01/1899-12-31			1899	2204981	2204981	HUMAN_OBSERVATION							CC_BY_4_0					2026-03-04T06:43:26.101Z		CONTINENT_DERIVED_FROM_COORDINATES;TAXON_ID_NOT_FOUND
2480800789	2c13b330-d6c5-4d4f-a726-129ca8c855cf	82e3ca1f-eb76-24f6-e053-2614a8c008ee	Animalia	Arthropoda	Malacostraca	Isopoda	Platyarthridae	Trichorhina	Trichorhina tomentosa		SPECIES	Trichorhina tomentosa (Budde-Lund, 1893)	Trichorhina tomentosa (Budde-Lund, 1893)		FR			PRESENT		1928bdf0-f5d2-11dc-8c12-b8a03c50a862	48.85662	2.34293	9005.0						1896-01-01/1896-12-31			1896	2204981	2204981	HUMAN_OBSERVATION							CC_BY_4_0					2026-03-04T06:43:26.005Z		CONTINENT_DERIVED_FROM_COORDINATES;TAXON_ID_NOT_FOUND
2480731323	2c13b330-d6c5-4d4f-a726-129ca8c855cf	82e3ca20-0b74-24f6-e053-2614a8c008ee	Animalia	Arthropoda	Malacostraca	Isopoda	Platyarthridae	Trichorhina	Trichorhina tomentosa		SPECIES	Trichorhina tomentosa (Budde-Lund, 1893)	Trichorhina tomentosa (Budde-Lund, 1893)		FR			PRESENT		1928bdf0-f5d2-11dc-8c12-b8a03c50a862	47.19187	-0.30771	8796.0						2008-01-09	9	1	2008	2204981	2204981	HUMAN_OBSERVATION							CC_BY_4_0		Noel Franck			2026-03-04T06:43:26.656Z		CONTINENT_DERIVED_FROM_COORDINATES;TAXON_ID_NOT_FOUND
2478029685	ca8c4575-a763-4271-9376-c962981d402a	304CEA76-6837-0593-E053-2614A8C02206	Animalia	Arthropoda	Malacostraca	Isopoda	Platyarthridae	Trichorhina	Trichorhina tomentosa		SPECIES	Trichorhina tomentosa (Budde-Lund, 1893)	Trichorhina tomentosa (Budde-Lund, 1893)		GP			PRESENT		1928bdf0-f5d2-11dc-8c12-b8a03c50a862	16.21179	-61.46535	10.0						2014-08-16/2014-08-29		8	2014	2204981	2204981	HUMAN_OBSERVATION					LEMAIRE Jean-Michel		CC_BY_4_0		LEMAIRE Jean-Michel (Association Troglorites)			2026-03-04T06:29:01.893Z		FOOTPRINT_WKT_MISMATCH;COUNTRY_MISMATCH;CONTINENT_DERIVED_FROM_COORDINATES;TAXON_ID_NOT_FOUND
2475652255	54facf62-bf0c-43e7-9972-4fdc407fa6c5	82e3ca79-544d-24f6-e053-2614a8c008ee	Animalia	Arthropoda	Malacostraca	Isopoda	Platyarthridae	Trichorhina	Trichorhina tomentosa		SPECIES	Trichorhina tomentosa (Budde-Lund, 1893)	Trichorhina tomentosa (Budde-Lund, 1893)		FR			PRESENT		1928bdf0-f5d2-11dc-8c12-b8a03c50a862	47.19187	-0.30771	8796.0						2008-06-20	20	6	2008	2204981	2204981	HUMAN_OBSERVATION							CC_BY_4_0		Franck NOËL			2026-03-03T11:27:04.573Z		CONTINENT_DERIVED_FROM_COORDINATES;TAXON_ID_NOT_FOUND
2474265661	da18c4ac-e5aa-4caf-915b-e6a86a01705d	304CEA78-1C9C-0593-E053-2614A8C02206	Animalia	Arthropoda	Malacostraca	Isopoda	Platyarthridae	Trichorhina	Trichorhina tomentosa		SPECIES	Trichorhina tomentosa (Budde-Lund, 1893)	Trichorhina tomentosa (Budde-Lund, 1893)		FR			PRESENT		1928bdf0-f5d2-11dc-8c12-b8a03c50a862	47.19187	-0.30771	8796.0						2008-01-09	9	1	2008	2204981	2204981	HUMAN_OBSERVATION					Noel Franck		CC_BY_4_0		Noel Franck			2026-03-04T06:43:10.842Z		CONTINENT_DERIVED_FROM_COORDINATES;TAXON_ID_NOT_FOUND
2249478072	040c5662-da76-4782-a48e-cdea1892d14c	GBCM8314-17	Animalia	Arthropoda	Malacostraca	Isopoda	Platyarthridae	Trichorhina	Trichorhina tomentosa		UNRANKED	BOLD:ADG1585	BOLD:ADG1585		BR			PRESENT		b3bf3a83-1f68-4541-a03f-330d30d567f5	-11.524631	-54.355206											10433354	2204981	MATERIAL_SAMPLE	Mined from GenBank, NCBI		Ja202				CC_BY_4_0					2026-04-09T02:10:05.539Z		GEODETIC_DATUM_ASSUMED_WGS84;COUNTRY_DERIVED_FROM_COORDINATES;CONTINENT_DERIVED_FROM_COORDINATES;INSTITUTION_MATCH_NONE;TAXON_ID_NOT_FOUND;TAXON_CONCEPT_ID_NOT_FOUND
2249474112	040c5662-da76-4782-a48e-cdea1892d14c	GBCM7075-17	Animalia	Arthropoda	Malacostraca	Isopoda	Platyarthridae	Trichorhina	Trichorhina tomentosa		UNRANKED	BOLD:ADG1585	BOLD:ADG1585		BR			PRESENT		b3bf3a83-1f68-4541-a03f-330d30d567f5	-11.524631	-54.355206											10433354	2204981	MATERIAL_SAMPLE	Mined from GenBank, NCBI		Ja201				CC_BY_4_0					2026-04-09T02:10:45.286Z		GEODETIC_DATUM_ASSUMED_WGS84;COUNTRY_DERIVED_FROM_COORDINATES;CONTINENT_DERIVED_FROM_COORDINATES;INSTITUTION_MATCH_NONE;TAXON_CONCEPT_ID_NOT_FOUND;TAXON_ID_NOT_FOUND
2245648527	38b4c89f-584c-41bb-bd8f-cd1def33e92f	urn:lsid:artportalen.se:sighting:74008691	Animalia	Arthropoda	Malacostraca	Isopoda	Platyarthridae	Trichorhina	Trichorhina tomentosa		SPECIES	Trichorhina tomentosa (Budde-Lund, 1893)	Trichorhina tomentosa	(Budde-Lund, 1893)	SE	Palmhuset, Vg	Västergötland	PRESENT		b8323864-602a-4a7d-9127-bb903054e97d	57.70555	11.9757	25.0						2018-11-10	10	11	2018	2204981	2204981	HUMAN_OBSERVATION	SLU Artdatabanken	Artportalen	74008691				CC0_1_0	Thomas Strid	Thomas Strid, Freddy Persson, Uno Unger, Martin Sjödahl, Martin Oomen			2026-04-11T17:12:18.665Z		
2235240179	9a0b66df-7535-4f28-9f4e-5bc11b8b096c	Natuurpunt:Waarnemingen:135514437	Animalia	Arthropoda	Malacostraca	Isopoda	Platyarthridae	Trichorhina	Trichorhina tomentosa		SPECIES	Trichorhina tomentosa (Budde-Lund, 1893)	Trichorhina tomentosa	(Budde-Lund, 1893)	BE		East Flanders	PRESENT	1	4d3ceea8-5699-439d-a899-decac9cbbdac	51.03463	3.72286	25.0						2017-03-17	17	3	2017	2204981	2204981	HUMAN_OBSERVATION	Natuurpunt	waarnemingen.be					CC_BY_NC_4_0	Natuurpunt Studie				2026-04-08T12:15:14.029Z		OCCURRENCE_STATUS_INFERRED_FROM_INDIVIDUAL_COUNT;TAXON_ID_NOT_FOUND
2235239970	9a0b66df-7535-4f28-9f4e-5bc11b8b096c	Natuurpunt:Waarnemingen:135742006	Animalia	Arthropoda	Malacostraca	Isopoda	Platyarthridae	Trichorhina	Trichorhina tomentosa		SPECIES	Trichorhina tomentosa (Budde-Lund, 1893)	Trichorhina tomentosa	(Budde-Lund, 1893)	BE		East Flanders	PRESENT	4	4d3ceea8-5699-439d-a899-decac9cbbdac	51.03463	3.72286	25.0						2017-03-17	17	3	2017	2204981	2204981	HUMAN_OBSERVATION	Natuurpunt	waarnemingen.be					CC_BY_NC_4_0	Natuurpunt Studie				2026-04-08T12:16:43.111Z		OCCURRENCE_STATUS_INFERRED_FROM_INDIVIDUAL_COUNT;TAXON_ID_NOT_FOUND
1995198452	38b4c89f-584c-41bb-bd8f-cd1def33e92f	urn:lsid:artportalen.se:sighting:73642541	Animalia	Arthropoda	Malacostraca	Isopoda	Platyarthridae	Trichorhina	Trichorhina tomentosa		SPECIES	Trichorhina tomentosa (Budde-Lund, 1893)	Trichorhina tomentosa	(Budde-Lund, 1893)	SE	Fyrishov, Upl	Uppland	PRESENT	1	b8323864-602a-4a7d-9127-bb903054e97d	59.87039	17.6235	50.0						2018-10-19T09:20/2018-10-19T10:20	19	10	2018	2204981	2204981	HUMAN_OBSERVATION	SLU Artdatabanken	Artportalen	73642541				CC0_1_0	Owe Rosengren	Owe Rosengren, Tor Jonzon, Niklas Hjort, Kenth Kärsrud			2026-04-11T17:19:51.684Z		
1995100219	38b4c89f-584c-41bb-bd8f-cd1def33e92f	urn:lsid:artportalen.se:sighting:73528285	Animalia	Arthropoda	Malacostraca	Isopoda	Platyarthridae	Trichorhina	Trichorhina tomentosa		SPECIES	Trichorhina tomentosa (Budde-Lund, 1893)	Trichorhina tomentosa	(Budde-Lund, 1893)	SE	Universeum, Vg	Västergötland	PRESENT	10	b8323864-602a-4a7d-9127-bb903054e97d	57.69555	11.98936	76.0						2018-10-12T10:00/2018-10-12T11:00	12	10	2018	2204981	2204981	HUMAN_OBSERVATION	SLU Artdatabanken	Artportalen	73528285				CC0_1_0	Uno Unger	Uno Unger, Freddy Persson			2026-04-11T17:16:14.474Z		
1995100066	38b4c89f-584c-41bb-bd8f-cd1def33e92f	urn:lsid:artportalen.se:sighting:73527368	Animalia	Arthropoda	Malacostraca	Isopoda	Platyarthridae	Trichorhina	Trichorhina tomentosa		SPECIES	Trichorhina tomentosa (Budde-Lund, 1893)	Trichorhina tomentosa	(Budde-Lund, 1893)	SE	Fyrishov, Upl	Uppland	PRESENT	2	b8323864-602a-4a7d-9127-bb903054e97d	59.8703	17.61825	100.0						2018-10-11	11	10	2018	2204981	2204981	HUMAN_OBSERVATION	SLU Artdatabanken	Artportalen	73527368				CC0_1_0	Kenth Kärsrud	Kenth Kärsrud			2026-04-11T17:19:43.917Z		
1945590532	2e4cc37b-302e-4f1b-bbbb-1f674ff90e14	04890	Animalia	Arthropoda	Malacostraca	Isopoda	Platyarthridae	Trichorhina	Trichorhina tomentosa		SPECIES	Trichorhina tomentosa (Budde-Lund, 1893)	Trichorhina tomentosa	(Budde-Lund, 1893)	SE	Haga, Stockholm – I Fjärilshuset	Stockholms län	PRESENT	8	b2c1126d-e3b4-4619-9f94-b236dcc0a947	59.366125	18.031057			20.0				1997-05-31	31	5	1997	2204981	2204981	PRESERVED_SPECIMEN	BioFokus	BioFokus		04890	Olsen, K.M.		CC_BY_4_0		Olsen, K.M.			2026-04-12T12:14:37.603Z		COORDINATE_ROUNDED;GEODETIC_DATUM_ASSUMED_WGS84;COORDINATE_PRECISION_INVALID;IDENTIFIED_DATE_INVALID;OCCURRENCE_STATUS_INFERRED_FROM_INDIVIDUAL_COUNT;INSTITUTION_MATCH_NONE
1917528205	24baf0da-60a9-4a13-99d7-a8c860c3cb30	62e87e88-bb7b-11e8-9a78-54da4ae08600	Animalia	Arthropoda	Malacostraca	Isopoda	Platyarthridae	Trichorhina	Trichorhina tomentosa		SPECIES	Trichorhina tomentosa (Budde-Lund, 1893)	Trichorhina tomentosa (Budde-Lund, 1893)		PT		Região Autónoma dos Açores	PRESENT		0a80feca-b411-428a-a34e-c5c2fa07cdba	37.79598	-25.49221	500.0						1957			1957	2204981	2204981	HUMAN_OBSERVATION	UAc	ABP	450431				CC_BY_4_0					2026-03-04T06:43:19.442Z		CONTINENT_DERIVED_FROM_COORDINATES
1917527616	24baf0da-60a9-4a13-99d7-a8c860c3cb30	61c02a74-bb7b-11e8-9a78-54da4ae08600	Animalia	Arthropoda	Malacostraca	Isopoda	Platyarthridae	Trichorhina	Trichorhina tomentosa		SPECIES	Trichorhina tomentosa (Budde-Lund, 1893)	Trichorhina tomentosa (Budde-Lund, 1893)		PT		Região Autónoma dos Açores	PRESENT		0a80feca-b411-428a-a34e-c5c2fa07cdba	37.79591	-25.48653	500.0						1957			1957	2204981	2204981	HUMAN_OBSERVATION	UAc	ABP	450019				CC_BY_4_0					2026-03-04T06:43:13.490Z		CONTINENT_DERIVED_FROM_COORDINATES
1838680987	38b4c89f-584c-41bb-bd8f-cd1def33e92f	urn:lsid:artportalen.se:sighting:70651067	Animalia	Arthropoda	Malacostraca	Isopoda	Platyarthridae	Trichorhina	Trichorhina tomentosa		SPECIES	Trichorhina tomentosa (Budde-Lund, 1893)	Trichorhina tomentosa	(Budde-Lund, 1893)	SE	Trädgårdsföreningen, Palmhuset, Tropikhuset, Vg	Västergötland	PRESENT		b8323864-602a-4a7d-9127-bb903054e97d	57.70565	11.97592	10.0						2018-04-12	12	4	2018	2204981	2204981	HUMAN_OBSERVATION	SLU Artdatabanken	Artportalen	70651067				CC0_1_0	Dennis Nyström	Dennis Nyström, Freddy Persson			2026-04-11T17:19:41.370Z		
1838600447	38b4c89f-584c-41bb-bd8f-cd1def33e92f	urn:lsid:artportalen.se:sighting:70567952	Animalia	Arthropoda	Malacostraca	Isopoda	Platyarthridae	Trichorhina	Trichorhina tomentosa		SPECIES	Trichorhina tomentosa (Budde-Lund, 1893)	Trichorhina tomentosa	(Budde-Lund, 1893)	SE	Fyrishov, Upl	Uppland	PRESENT	4	b8323864-602a-4a7d-9127-bb903054e97d	59.8703	17.61825	100.0						2018-04-12	12	4	2018	2204981	2204981	HUMAN_OBSERVATION	SLU Artdatabanken	Artportalen	70567952				CC0_1_0	Kenth Kärsrud	Kenth Kärsrud			2026-04-11T17:12:11.196Z		
1838523910	38b4c89f-584c-41bb-bd8f-cd1def33e92f	urn:lsid:artportalen.se:sighting:70516486	Animalia	Arthropoda	Malacostraca	Isopoda	Platyarthridae	Trichorhina	Trichorhina tomentosa		SPECIES	Trichorhina tomentosa (Budde-Lund, 1893)	Trichorhina tomentosa	(Budde-Lund, 1893)	SE	Palmhuset, Vg	Västergötland	PRESENT	1	b8323864-602a-4a7d-9127-bb903054e97d	57.70555	11.9757	25.0						2018-04-06	6	4	2018	2204981	2204981	HUMAN_OBSERVATION	SLU Artdatabanken	Artportalen	70516486				CC0_1_0	Thomas Strid	Thomas Strid, Freddy Persson, Andreas Grabs, Uno Unger			2026-04-11T17:12:11.031Z		
1838483466	38b4c89f-584c-41bb-bd8f-cd1def33e92f	urn:lsid:artportalen.se:sighting:70484234	Animalia	Arthropoda	Malacostraca	Isopoda	Platyarthridae	Trichorhina	Trichorhina tomentosa		SPECIES	Trichorhina tomentosa (Budde-Lund, 1893)	Trichorhina tomentosa	(Budde-Lund, 1893)	SE	Palmhuset, Vg	Västergötland	PRESENT	4	b8323864-602a-4a7d-9127-bb903054e97d	57.70557	11.97576	50.0						2018-04-04	4	4	2018	2204981	2204981	HUMAN_OBSERVATION	SLU Artdatabanken	Artportalen	70484234				CC0_1_0	Andreas Grabs	Andreas Grabs			2026-04-11T17:12:11.128Z		
1835915805	38b4c89f-584c-41bb-bd8f-cd1def33e92f	urn:lsid:artportalen.se:sighting:69802170	Animalia	Arthropoda	Malacostraca	Isopoda	Platyarthridae	Trichorhina	Trichorhina tomentosa		SPECIES	Trichorhina tomentosa (Budde-Lund, 1893)	Trichorhina tomentosa	(Budde-Lund, 1893)	SE	Fyrishov, Upl	Uppland	PRESENT	5	b8323864-602a-4a7d-9127-bb903054e97d	59.8703	17.61825	100.0						2018-03-01	1	3	2018	2204981	2204981	HUMAN_OBSERVATION	SLU Artdatabanken	Artportalen	69802170				CC0_1_0	Kenth Kärsrud	Kenth Kärsrud			2026-04-11T17:12:09.698Z		
1821547829	38b4c89f-584c-41bb-bd8f-cd1def33e92f	urn:lsid:artportalen.se:sighting:69240794	Animalia	Arthropoda	Malacostraca	Isopoda	Platyarthridae	Trichorhina	Trichorhina tomentosa		SPECIES	Trichorhina tomentosa (Budde-Lund, 1893)	Trichorhina tomentosa	(Budde-Lund, 1893)	SE	Fyrishov äventyrsbadet., Svartbäcken, Upl	Uppland	PRESENT	2	b8323864-602a-4a7d-9127-bb903054e97d	59.87077	17.62252	25.0						2017-02-20	20	2	2017	2204981	2204981	HUMAN_OBSERVATION	SLU Artdatabanken	Artportalen	69240794				CC0_1_0	Håkan Andersson	Håkan Andersson			2026-04-11T17:17:21.450Z		
1821459197	38b4c89f-584c-41bb-bd8f-cd1def33e92f	urn:lsid:artportalen.se:sighting:69117888	Animalia	Arthropoda	Malacostraca	Isopoda	Platyarthridae	Trichorhina	Trichorhina tomentosa		SPECIES	Trichorhina tomentosa (Budde-Lund, 1893)	Trichorhina tomentosa	(Budde-Lund, 1893)	SE	Palmhuset, Trädgårdsföreningen, Vg	Västergötland	PRESENT	1	b8323864-602a-4a7d-9127-bb903054e97d	57.70554	11.97576	100.0						2018-01-15T11:20/2018-01-15T13:15	15	1	2018	2204981	2204981	HUMAN_OBSERVATION	SLU Artdatabanken	Artportalen	69117888				CC0_1_0	Uno Unger	Uno Unger, Freddy Persson			2026-04-11T17:12:06.902Z		
1570673996	9a0b66df-7535-4f28-9f4e-5bc11b8b096c	Natuurpunt:Waarnemingen:118355217	Animalia	Arthropoda	Malacostraca	Isopoda	Platyarthridae	Trichorhina	Trichorhina tomentosa		SPECIES	Trichorhina tomentosa (Budde-Lund, 1893)	Trichorhina tomentosa	(Budde-Lund, 1893)	BE		Flemish Brabant	PRESENT	1	4d3ceea8-5699-439d-a899-decac9cbbdac	50.925	4.33004	100.0						2016-05-01	1	5	2016	2204981	2204981	HUMAN_OBSERVATION	Natuurpunt	waarnemingen.be					CC_BY_NC_4_0	Natuurpunt Studie				2026-04-08T12:16:25.545Z		OCCURRENCE_STATUS_INFERRED_FROM_INDIVIDUAL_COUNT;TAXON_ID_NOT_FOUND
1570673993	9a0b66df-7535-4f28-9f4e-5bc11b8b096c	Natuurpunt:Waarnemingen:118021441	Animalia	Arthropoda	Malacostraca	Isopoda	Platyarthridae	Trichorhina	Trichorhina tomentosa		SPECIES	Trichorhina tomentosa (Budde-Lund, 1893)	Trichorhina tomentosa	(Budde-Lund, 1893)	BE		East Flanders	PRESENT	5	4d3ceea8-5699-439d-a899-decac9cbbdac	51.0349	3.72332	10.0						2015-12-18	18	12	2015	2204981	2204981	HUMAN_OBSERVATION	Natuurpunt	waarnemingen.be					CC_BY_NC_4_0	Natuurpunt Studie				2026-04-08T12:16:04.087Z		OCCURRENCE_STATUS_INFERRED_FROM_INDIVIDUAL_COUNT;TAXON_ID_NOT_FOUND
1570673956	9a0b66df-7535-4f28-9f4e-5bc11b8b096c	Natuurpunt:Waarnemingen:126788931	Animalia	Arthropoda	Malacostraca	Isopoda	Platyarthridae	Trichorhina	Trichorhina tomentosa		SPECIES	Trichorhina tomentosa (Budde-Lund, 1893)	Trichorhina tomentosa	(Budde-Lund, 1893)	BE		East Flanders	PRESENT	1	4d3ceea8-5699-439d-a899-decac9cbbdac	51.0349	3.7233	10.0						2016-11-23	23	11	2016	2204981	2204981	HUMAN_OBSERVATION	Natuurpunt	waarnemingen.be					CC_BY_NC_4_0	Natuurpunt Studie				2026-04-08T12:16:44.206Z		OCCURRENCE_STATUS_INFERRED_FROM_INDIVIDUAL_COUNT;TAXON_ID_NOT_FOUND
1485375867	38b4c89f-584c-41bb-bd8f-cd1def33e92f	urn:lsid:artportalen.se:sighting:55757279	Animalia	Arthropoda	Malacostraca	Isopoda	Platyarthridae	Trichorhina	Trichorhina tomentosa		SPECIES	Trichorhina tomentosa (Budde-Lund, 1893)	Trichorhina tomentosa	(Budde-Lund, 1893)	SE	Universeum, Vg	Västergötland	PRESENT	15	b8323864-602a-4a7d-9127-bb903054e97d	57.69551	11.98929	50.0						2015-11-09	9	11	2015	2204981	2204981	HUMAN_OBSERVATION	SLU Artdatabanken	Artportalen	55757279				CC0_1_0	Freddy Persson	Freddy Persson, Oskar Gran			2026-04-11T17:20:11.078Z		
1485375484	38b4c89f-584c-41bb-bd8f-cd1def33e92f	urn:lsid:artportalen.se:sighting:55756998	Animalia	Arthropoda	Malacostraca	Isopoda	Platyarthridae	Trichorhina	Trichorhina tomentosa		SPECIES	Trichorhina tomentosa (Budde-Lund, 1893)	Trichorhina tomentosa	(Budde-Lund, 1893)	SE	Universeum, Vg	Västergötland	PRESENT	5	b8323864-602a-4a7d-9127-bb903054e97d	57.69551	11.98929	50.0						2015-11-06	6	11	2015	2204981	2204981	HUMAN_OBSERVATION	SLU Artdatabanken	Artportalen	55756998				CC0_1_0	Freddy Persson	Freddy Persson, Oskar Gran			2026-04-11T17:11:30.691Z		
1474410971	38b4c89f-584c-41bb-bd8f-cd1def33e92f	urn:lsid:artportalen.se:sighting:55300587	Animalia	Arthropoda	Malacostraca	Isopoda	Platyarthridae	Trichorhina	Trichorhina tomentosa		SPECIES	Trichorhina tomentosa (Budde-Lund, 1893)	Trichorhina tomentosa	(Budde-Lund, 1893)	SE	Universeum, Vg	Västergötland	PRESENT	5	b8323864-602a-4a7d-9127-bb903054e97d	57.69579	11.98921	100.0						2015-09-24	24	9	2015	2204981	2204981	HUMAN_OBSERVATION	SLU Artdatabanken	Artportalen	55300587				CC0_1_0	Johan Svedholm	Johan Svedholm			2026-04-11T17:15:37.054Z		
1460605370	38b4c89f-584c-41bb-bd8f-cd1def33e92f	urn:lsid:artportalen.se:sighting:17143018	Animalia	Arthropoda	Malacostraca	Isopoda	Platyarthridae	Trichorhina	Trichorhina tomentosa		SPECIES	Trichorhina tomentosa (Budde-Lund, 1893)	Trichorhina tomentosa	(Budde-Lund, 1893)	SE	Universeum, Vg	Västergötland	PRESENT	12	b8323864-602a-4a7d-9127-bb903054e97d	57.69551	11.98929	50.0						2015-02-21	21	2	2015	2204981	2204981	PRESERVED_SPECIMEN	SLU Artdatabanken	Artportalen	17143018				CC0_1_0	Freddy Persson	Freddy Persson, Oskar Gran, Artur Larsson, Lars J Jonsson, Pia Andersson			2026-04-11T17:13:38.014Z		INSTITUTION_MATCH_NONE
1438204071	38b4c89f-584c-41bb-bd8f-cd1def33e92f	urn:lsid:artportalen.se:sighting:64116414	Animalia	Arthropoda	Malacostraca	Isopoda	Platyarthridae	Trichorhina	Trichorhina tomentosa		SPECIES	Trichorhina tomentosa (Budde-Lund, 1893)	Trichorhina tomentosa	(Budde-Lund, 1893)	SE	Fyrishov, Upl	Uppland	PRESENT		b8323864-602a-4a7d-9127-bb903054e97d	59.8703	17.61825	100.0						2017-03-01	1	3	2017	2204981	2204981	HUMAN_OBSERVATION	SLU Artdatabanken	Artportalen	64116414				CC0_1_0	Kenth Kärsrud	Kenth Kärsrud, Owe Rosengren, Tor Jonzon, Patrick Fritzson			2026-04-11T17:12:38.119Z		
1436389452	38b4c89f-584c-41bb-bd8f-cd1def33e92f	urn:lsid:artportalen.se:sighting:63777297	Animalia	Arthropoda	Malacostraca	Isopoda	Platyarthridae	Trichorhina	Trichorhina tomentosa		SPECIES	Trichorhina tomentosa (Budde-Lund, 1893)	Trichorhina tomentosa	(Budde-Lund, 1893)	SE	Fyrishov, Upl	Uppland	PRESENT	1	b8323864-602a-4a7d-9127-bb903054e97d	59.8703	17.61825	100.0						2017-02-20	20	2	2017	2204981	2204981	HUMAN_OBSERVATION	SLU Artdatabanken	Artportalen	63777297		Freddy Persson		CC0_1_0	Kenth Kärsrud	Kenth Kärsrud			2026-04-11T17:12:12.184Z		
1428353332	38b4c89f-584c-41bb-bd8f-cd1def33e92f	urn:lsid:artportalen.se:sighting:56397784	Animalia	Arthropoda	Malacostraca	Isopoda	Platyarthridae	Trichorhina	Trichorhina tomentosa		SPECIES	Trichorhina tomentosa (Budde-Lund, 1893)	Trichorhina tomentosa	(Budde-Lund, 1893)	SE	Palmhuset Göteborg, Vg	Västergötland	PRESENT	2	b8323864-602a-4a7d-9127-bb903054e97d	57.70563	11.97593	50.0						2016-01-06	6	1	2016	2204981	2204981	HUMAN_OBSERVATION	SLU Artdatabanken	Artportalen	56397784				CC0_1_0	Freddy Persson	Freddy Persson			2026-04-11T17:20:12.175Z		
1322948278	821cc27a-e3bb-4bc5-ac34-89ada245069d	http://n2t.net/ark:/65665/3fe383c05-51a6-4ba0-b795-b33fe59c7425	Animalia	Arthropoda	Malacostraca	Isopoda	Platyarthridae	Trichorhina	Trichorhina tomentosa		SPECIES	Trichorhina tomentosa (Budde-Lund, 1893)	Trichorhina tomentosa	(Budde-Lund)	EC	San Cristobal Island, Chatham Island, Freshwater Bay	Galapagos Islands	PRESENT	9	bc092ff0-02e4-11dc-991f-b8a03c50a862	-0.95	-89.5							1933-02-01	1	2	1933	2204981	2204981	PRESERVED_SPECIMEN	USNM	IZ	USNM 68441		Schultz, G. A.		CC0_1_0		W. Schmitt			2026-04-02T11:41:57.492Z	StillImage	GEODETIC_DATUM_ASSUMED_WGS84;CONTINENT_INVALID;CONTINENT_DERIVED_FROM_COORDINATES;OCCURRENCE_STATUS_INFERRED_FROM_INDIVIDUAL_COUNT
1322129412	821cc27a-e3bb-4bc5-ac34-89ada245069d	http://n2t.net/ark:/65665/3d9f6f84d-2a7f-42f8-9c7c-1fbe032042f1	Animalia	Arthropoda	Malacostraca	Isopoda	Platyarthridae	Trichorhina	Trichorhina tomentosa		SPECIES	Trichorhina tomentosa (Budde-Lund, 1893)	Trichorhina tomentosa	(Budde-Lund)	GP			PRESENT	1	bc092ff0-02e4-11dc-991f-b8a03c50a862	16.25	-61.583											2204981	2204981	PRESERVED_SPECIMEN	USNM	IZ	USNM 69697		Schultz, G. A.		CC0_1_0					2026-04-02T11:43:14.809Z	StillImage	GEODETIC_DATUM_ASSUMED_WGS84;CONTINENT_INVALID;CONTINENT_DERIVED_FROM_COORDINATES;OCCURRENCE_STATUS_INFERRED_FROM_INDIVIDUAL_COUNT
1321482289	821cc27a-e3bb-4bc5-ac34-89ada245069d	http://n2t.net/ark:/65665/3bd42b28c-83cb-4158-ae7b-b0324c3eec75	Animalia	Arthropoda	Malacostraca	Isopoda	Platyarthridae	Trichorhina	Trichorhina tomentosa		SPECIES	Trichorhina tomentosa (Budde-Lund, 1893)	Trichorhina tomentosa	(Budde-Lund)	CO			PRESENT	1	bc092ff0-02e4-11dc-991f-b8a03c50a862	4.0	-72.0							1930			1930	2204981	2204981	PRESERVED_SPECIMEN	USNM	IZ	USNM 64348		Schultz, G. A.		CC0_1_0					2026-04-02T11:41:46.379Z	StillImage	GEODETIC_DATUM_ASSUMED_WGS84;CONTINENT_DERIVED_FROM_COORDINATES;OCCURRENCE_STATUS_INFERRED_FROM_INDIVIDUAL_COUNT
1320969759	821cc27a-e3bb-4bc5-ac34-89ada245069d	http://n2t.net/ark:/65665/3a6a093f7-5166-4edc-b6df-2a93a5b4247b	Animalia	Arthropoda	Malacostraca	Isopoda	Platyarthridae	Trichorhina	Trichorhina tomentosa		SPECIES	Trichorhina tomentosa (Budde-Lund, 1893)	Trichorhina tomentosa	(Budde-Lund)	CR			PRESENT	1	bc092ff0-02e4-11dc-991f-b8a03c50a862	10.0	-84.0							1927-03		3	1927	2204981	2204981	PRESERVED_SPECIMEN	USNM	IZ	USNM 60595		Schultz, G. A.		CC0_1_0		C. Davis			2026-04-02T11:42:30.956Z	StillImage	GEODETIC_DATUM_ASSUMED_WGS84;CONTINENT_DERIVED_FROM_COORDINATES;OCCURRENCE_STATUS_INFERRED_FROM_INDIVIDUAL_COUNT
1320166046	821cc27a-e3bb-4bc5-ac34-89ada245069d	http://n2t.net/ark:/65665/38314a829-9baf-4266-bc1b-7f2ba147c1c0	Animalia	Arthropoda	Malacostraca	Isopoda	Platyarthridae	Trichorhina	Trichorhina tomentosa		SPECIES	Trichorhina tomentosa (Budde-Lund, 1893)	Trichorhina tomentosa	(Budde-Lund)	NI			PRESENT	1	bc092ff0-02e4-11dc-991f-b8a03c50a862	13.0	-85.0							1930-09-22	22	9	1930	2204981	2204981	PRESERVED_SPECIMEN	USNM	IZ	USNM 64373		Schultz, G. A.		CC0_1_0		A. Wells			2026-04-02T11:42:58.048Z	StillImage	GEODETIC_DATUM_ASSUMED_WGS84;CONTINENT_DERIVED_FROM_COORDINATES;OCCURRENCE_STATUS_INFERRED_FROM_INDIVIDUAL_COUNT
1318795009	821cc27a-e3bb-4bc5-ac34-89ada245069d	http://n2t.net/ark:/65665/3466b26b7-27f5-4fa7-8876-fd652eeb1b90	Animalia	Arthropoda	Malacostraca	Isopoda	Platyarthridae	Trichorhina	Trichorhina tomentosa		SPECIES	Trichorhina vannamei Verhoeff, 1937	Trichorhina vannamei	Verhoeff	DE	Berlin		PRESENT	1	bc092ff0-02e4-11dc-991f-b8a03c50a862	52.53	13.42											8960294	2204981	PRESERVED_SPECIMEN	USNM	IZ	USNM 73100		Verhoeff		CC0_1_0		Verhoeff			2026-04-02T11:43:16.464Z	StillImage	GEODETIC_DATUM_ASSUMED_WGS84;CONTINENT_DERIVED_FROM_COORDINATES;OCCURRENCE_STATUS_INFERRED_FROM_INDIVIDUAL_COUNT
1054185903	2e4cc37b-302e-4f1b-bbbb-1f674ff90e14	28417	Animalia	Arthropoda	Malacostraca	Isopoda	Platyarthridae	Trichorhina	Trichorhina tomentosa		SPECIES	Trichorhina tomentosa (Budde-Lund, 1893)	Trichorhina tomentosa	(Budde-Lund, 1893)	NO	Tøyen – Nedre utstillingsdrivhus	Oslo	PRESENT	2	b2c1126d-e3b4-4619-9f94-b236dcc0a947	59.921103	10.771723			25.0				2002-03-13	13	3	2002	2204981	2204981	PRESERVED_SPECIMEN	BioFokus	BioFokus		28417	Olsen, K.M.		CC_BY_4_0		Olsen, K.M.			2026-04-12T12:15:09.680Z		COORDINATE_ROUNDED;GEODETIC_DATUM_ASSUMED_WGS84;COORDINATE_PRECISION_INVALID;IDENTIFIED_DATE_INVALID;OCCURRENCE_STATUS_INFERRED_FROM_INDIVIDUAL_COUNT;INSTITUTION_MATCH_NONE
1054185717	2e4cc37b-302e-4f1b-bbbb-1f674ff90e14	28203	Animalia	Arthropoda	Malacostraca	Isopoda	Platyarthridae	Trichorhina	Trichorhina tomentosa		SPECIES	Trichorhina tomentosa (Budde-Lund, 1893)	Trichorhina tomentosa	(Budde-Lund, 1893)	NO	Tøyen – Nedre utstillingsdrivhus	Oslo	PRESENT	4	b2c1126d-e3b4-4619-9f94-b236dcc0a947	59.921103	10.771723			25.0				2001-10-24	24	10	2001	2204981	2204981	PRESERVED_SPECIMEN	BioFokus	BioFokus		28203	Olsen, K.M.		CC_BY_4_0		Olsen, K.M.			2026-04-12T12:15:11.438Z		COORDINATE_ROUNDED;GEODETIC_DATUM_ASSUMED_WGS84;COORDINATE_PRECISION_INVALID;IDENTIFIED_DATE_INVALID;OCCURRENCE_STATUS_INFERRED_FROM_INDIVIDUAL_COUNT;INSTITUTION_MATCH_NONE
1054177305	2e4cc37b-302e-4f1b-bbbb-1f674ff90e14	08000	Animalia	Arthropoda	Malacostraca	Isopoda	Platyarthridae	Trichorhina	Trichorhina tomentosa		SPECIES	Trichorhina tomentosa (Budde-Lund, 1893)	Trichorhina tomentosa	(Budde-Lund, 1893)	NO	Tøyen – Nedre utstillingsdrivhus	Oslo	PRESENT	1	b2c1126d-e3b4-4619-9f94-b236dcc0a947	59.921103	10.771723			25.0				1999-01-29	29	1	1999	2204981	2204981	PRESERVED_SPECIMEN	BioFokus	BioFokus		08000	Olsen, K.M.		CC_BY_4_0		Olsen, K.M.			2026-04-12T12:14:37.607Z		COORDINATE_ROUNDED;GEODETIC_DATUM_ASSUMED_WGS84;COORDINATE_PRECISION_INVALID;IDENTIFIED_DATE_INVALID;OCCURRENCE_STATUS_INFERRED_FROM_INDIVIDUAL_COUNT;INSTITUTION_MATCH_NONE
1054174606	2e4cc37b-302e-4f1b-bbbb-1f674ff90e14	02536	Animalia	Arthropoda	Malacostraca	Isopoda	Platyarthridae	Trichorhina	Trichorhina tomentosa		SPECIES	Trichorhina tomentosa (Budde-Lund, 1893)	Trichorhina tomentosa	(Budde-Lund, 1893)	NO	Tøyen – I veksthus 4, 10°C	Oslo	PRESENT	5	b2c1126d-e3b4-4619-9f94-b236dcc0a947	59.921103	10.771723			25.0				1993-10-28	28	10	1993	2204981	2204981	PRESERVED_SPECIMEN	BioFokus	BioFokus		02536	Olsen, K.M.		CC_BY_4_0		Olsen, K.M.			2026-04-12T12:15:17.677Z		COORDINATE_ROUNDED;GEODETIC_DATUM_ASSUMED_WGS84;COORDINATE_PRECISION_INVALID;IDENTIFIED_DATE_INVALID;OCCURRENCE_STATUS_INFERRED_FROM_INDIVIDUAL_COUNT;INSTITUTION_MATCH_NONE
